param_selector__C,param_selector__l1_ratio,param_selector__top_k,mean_test_score,std_test_score,rank_test_score,split0_test_score,split1_test_score,split2_test_score,split3_test_score,split4_test_score,mean_fit_time,mean_score_time
0.001,0.1,5,0.5333333333333333,0.08096638534327412,137,0.6,0.3833333333333333,0.5666666666666667,0.6,0.5166666666666667,0.003455638885498047,0.0014163494110107423
0.001,0.1,10,0.5233333333333332,0.11527744310527054,153,0.7,0.35,0.5666666666666667,0.4666666666666667,0.5333333333333333,0.003353309631347656,0.0014145374298095703
0.001,0.1,20,0.49333333333333335,0.12762793146051096,169,0.55,0.26666666666666666,0.5666666666666667,0.45,0.6333333333333333,0.003335905075073242,0.001409006118774414
0.001,0.1,50,0.46333333333333326,0.09966610925150705,185,0.55,0.3333333333333333,0.55,0.35,0.5333333333333333,0.0033521652221679688,0.0014095783233642578
0.001,0.3,5,0.5333333333333333,0.08096638534327412,137,0.6,0.3833333333333333,0.5666666666666667,0.6,0.5166666666666667,0.0032962799072265626,0.0014714241027832032
0.001,0.3,10,0.5233333333333332,0.11527744310527054,153,0.7,0.35,0.5666666666666667,0.4666666666666667,0.5333333333333333,0.0031945228576660155,0.001394939422607422
0.001,0.3,20,0.49333333333333335,0.12762793146051096,169,0.55,0.26666666666666666,0.5666666666666667,0.45,0.6333333333333333,0.0032132148742675783,0.0013976573944091796
0.001,0.3,50,0.46333333333333326,0.09966610925150705,185,0.55,0.3333333333333333,0.55,0.35,0.5333333333333333,0.0032721042633056642,0.001385498046875
0.001,0.5,5,0.5333333333333333,0.08096638534327412,137,0.6,0.3833333333333333,0.5666666666666667,0.6,0.5166666666666667,0.0032873630523681642,0.0013946056365966796
0.001,0.5,10,0.5233333333333332,0.11527744310527054,153,0.7,0.35,0.5666666666666667,0.4666666666666667,0.5333333333333333,0.003205728530883789,0.0013939380645751954
0.001,0.5,20,0.49333333333333335,0.12762793146051096,169,0.55,0.26666666666666666,0.5666666666666667,0.45,0.6333333333333333,0.0032069206237792967,0.0014014244079589844
0.001,0.5,50,0.46333333333333326,0.09966610925150705,185,0.55,0.3333333333333333,0.55,0.35,0.5333333333333333,0.0032623291015625,0.001387310028076172
0.001,0.7,5,0.5333333333333333,0.08096638534327412,137,0.6,0.3833333333333333,0.5666666666666667,0.6,0.5166666666666667,0.003215646743774414,0.001479196548461914
0.001,0.7,10,0.5233333333333332,0.11527744310527054,153,0.7,0.35,0.5666666666666667,0.4666666666666667,0.5333333333333333,0.003229713439941406,0.0014005661010742187
0.001,0.7,20,0.49333333333333335,0.12762793146051096,169,0.55,0.26666666666666666,0.5666666666666667,0.45,0.6333333333333333,0.0032198429107666016,0.0013934135437011718
0.001,0.7,50,0.46333333333333326,0.09966610925150705,185,0.55,0.3333333333333333,0.55,0.35,0.5333333333333333,0.003257560729980469,0.001399850845336914
0.001,0.9,5,0.5333333333333333,0.08096638534327412,137,0.6,0.3833333333333333,0.5666666666666667,0.6,0.5166666666666667,0.0032967567443847657,0.0013898849487304688
0.001,0.9,10,0.5233333333333332,0.11527744310527054,153,0.7,0.35,0.5666666666666667,0.4666666666666667,0.5333333333333333,0.003218221664428711,0.0013907432556152343
0.001,0.9,20,0.49333333333333335,0.12762793146051096,169,0.55,0.26666666666666666,0.5666666666666667,0.45,0.6333333333333333,0.003215456008911133,0.001395416259765625
0.001,0.9,50,0.46333333333333326,0.09966610925150705,185,0.55,0.3333333333333333,0.55,0.35,0.5333333333333333,0.0032644271850585938,0.0013947486877441406
0.00359381,0.1,5,0.5333333333333333,0.08096638534327412,137,0.6,0.3833333333333333,0.5666666666666667,0.6,0.5166666666666667,0.00408468246459961,0.0013917446136474609
0.00359381,0.1,10,0.5233333333333332,0.11527744310527054,153,0.7,0.35,0.5666666666666667,0.4666666666666667,0.5333333333333333,0.004024124145507813,0.0014016151428222657
0.00359381,0.1,20,0.49333333333333335,0.12762793146051096,169,0.55,0.26666666666666666,0.5666666666666667,0.45,0.6333333333333333,0.004013586044311524,0.0014111518859863282
0.00359381,0.1,50,0.46333333333333326,0.09966610925150705,185,0.55,0.3333333333333333,0.55,0.35,0.5333333333333333,0.004158449172973633,0.001406383514404297
0.00359381,0.3,5,0.5333333333333333,0.08096638534327412,137,0.6,0.3833333333333333,0.5666666666666667,0.6,0.5166666666666667,0.0034029483795166016,0.0013817787170410157
0.00359381,0.3,10,0.5233333333333332,0.11527744310527054,153,0.7,0.35,0.5666666666666667,0.4666666666666667,0.5333333333333333,0.0034056186676025392,0.0013923168182373047
0.00359381,0.3,20,0.49333333333333335,0.12762793146051096,169,0.55,0.26666666666666666,0.5666666666666667,0.45,0.6333333333333333,0.003377199172973633,0.0014042377471923829
0.00359381,0.3,50,0.46333333333333326,0.09966610925150705,185,0.55,0.3333333333333333,0.55,0.35,0.5333333333333333,0.003490781784057617,0.0014403343200683593
0.00359381,0.5,5,0.5333333333333333,0.08096638534327412,137,0.6,0.3833333333333333,0.5666666666666667,0.6,0.5166666666666667,0.00321502685546875,0.0013894081115722657
0.00359381,0.5,10,0.5233333333333332,0.11527744310527054,153,0.7,0.35,0.5666666666666667,0.4666666666666667,0.5333333333333333,0.0032296180725097656,0.001390552520751953
0.00359381,0.5,20,0.49333333333333335,0.12762793146051096,169,0.55,0.26666666666666666,0.5666666666666667,0.45,0.6333333333333333,0.0031996726989746093,0.0014030933380126953
0.00359381,0.5,50,0.46333333333333326,0.09966610925150705,185,0.55,0.3333333333333333,0.55,0.35,0.5333333333333333,0.003307962417602539,0.0014084815979003907
0.00359381,0.7,5,0.5333333333333333,0.08096638534327412,137,0.6,0.3833333333333333,0.5666666666666667,0.6,0.5166666666666667,0.0032205104827880858,0.0013839244842529298
0.00359381,0.7,10,0.5233333333333332,0.11527744310527054,153,0.7,0.35,0.5666666666666667,0.4666666666666667,0.5333333333333333,0.0032033443450927733,0.0013967990875244141
0.00359381,0.7,20,0.49333333333333335,0.12762793146051096,169,0.55,0.26666666666666666,0.5666666666666667,0.45,0.6333333333333333,0.003248119354248047,0.001394176483154297
0.00359381,0.7,50,0.46333333333333326,0.09966610925150705,185,0.55,0.3333333333333333,0.55,0.35,0.5333333333333333,0.0033293247222900392,0.0013993263244628906
0.00359381,0.9,5,0.5333333333333333,0.08096638534327412,137,0.6,0.3833333333333333,0.5666666666666667,0.6,0.5166666666666667,0.0032089710235595702,0.0013874530792236327
0.00359381,0.9,10,0.5233333333333332,0.11527744310527054,153,0.7,0.35,0.5666666666666667,0.4666666666666667,0.5333333333333333,0.003221750259399414,0.0013934135437011718
0.00359381,0.9,20,0.49333333333333335,0.12762793146051096,169,0.55,0.26666666666666666,0.5666666666666667,0.45,0.6333333333333333,0.003221273422241211,0.001396036148071289
0.00359381,0.9,50,0.46333333333333326,0.09966610925150705,185,0.55,0.3333333333333333,0.55,0.35,0.5333333333333333,0.0033052921295166015,0.0014002799987792968
0.0129155,0.1,5,0.6300000000000001,0.14734690736866896,100,0.6333333333333333,0.75,0.8166666666666667,0.4,0.55,0.01260232925415039,0.0014080524444580079
0.0129155,0.1,10,0.7166666666666666,0.10055402085998902,26,0.8333333333333333,0.8166666666666667,0.7166666666666667,0.65,0.5666666666666667,0.012669181823730469,0.001404142379760742
0.0129155,0.1,20,0.7333333333333334,0.08881941729649487,12,0.75,0.8166666666666667,0.8,0.7333333333333334,0.5666666666666667,0.012688446044921874,0.0014159202575683594
0.0129155,0.1,50,0.6666666666666666,0.09545214042184234,85,0.8166666666666667,0.6166666666666667,0.7166666666666667,0.5333333333333333,0.65,0.012840700149536134,0.0014107704162597656
0.0129155,0.3,5,0.5333333333333333,0.08096638534327412,137,0.6,0.3833333333333333,0.5666666666666667,0.6,0.5166666666666667,0.004134654998779297,0.001383495330810547
0.0129155,0.3,10,0.5233333333333332,0.11527744310527054,153,0.7,0.35,0.5666666666666667,0.4666666666666667,0.5333333333333333,0.004132556915283203,0.001405620574951172
0.0129155,0.3,20,0.49333333333333335,0.12762793146051096,169,0.55,0.26666666666666666,0.5666666666666667,0.45,0.6333333333333333,0.004119300842285156,0.0014200687408447265
0.0129155,0.3,50,0.46333333333333326,0.09966610925150705,185,0.55,0.3333333333333333,0.55,0.35,0.5333333333333333,0.004221343994140625,0.0013983726501464843
0.0129155,0.5,5,0.5333333333333333,0.08096638534327412,137,0.6,0.3833333333333333,0.5666666666666667,0.6,0.5166666666666667,0.0038443565368652343,0.0013890743255615234
0.0129155,0.5,10,0.5233333333333332,0.11527744310527054,153,0.7,0.35,0.5666666666666667,0.4666666666666667,0.5333333333333333,0.003845548629760742,0.0014060497283935546
0.0129155,0.5,20,0.49333333333333335,0.12762793146051096,169,0.55,0.26666666666666666,0.5666666666666667,0.45,0.6333333333333333,0.003915309906005859,0.001392030715942383
0.0129155,0.5,50,0.46333333333333326,0.09966610925150705,185,0.55,0.3333333333333333,0.55,0.35,0.5333333333333333,0.003912687301635742,0.0013975143432617188
0.0129155,0.7,5,0.5333333333333333,0.08096638534327412,137,0.6,0.3833333333333333,0.5666666666666667,0.6,0.5166666666666667,0.0037451267242431642,0.0014080047607421876
0.0129155,0.7,10,0.5233333333333332,0.11527744310527054,153,0.7,0.35,0.5666666666666667,0.4666666666666667,0.5333333333333333,0.003792095184326172,0.001471233367919922
0.0129155,0.7,20,0.49333333333333335,0.12762793146051096,169,0.55,0.26666666666666666,0.5666666666666667,0.45,0.6333333333333333,0.0037697792053222657,0.001402425765991211
0.0129155,0.7,50,0.46333333333333326,0.09966610925150705,185,0.55,0.3333333333333333,0.55,0.35,0.5333333333333333,0.0038190841674804687,0.0013974666595458984
0.0129155,0.9,5,0.5333333333333333,0.08096638534327412,137,0.6,0.3833333333333333,0.5666666666666667,0.6,0.5166666666666667,0.0035542964935302733,0.0014090538024902344
0.0129155,0.9,10,0.5233333333333332,0.11527744310527054,153,0.7,0.35,0.5666666666666667,0.4666666666666667,0.5333333333333333,0.00361018180847168,0.0014571666717529297
0.0129155,0.9,20,0.49333333333333335,0.12762793146051096,169,0.55,0.26666666666666666,0.5666666666666667,0.45,0.6333333333333333,0.0035798072814941405,0.001391124725341797
0.0129155,0.9,50,0.46333333333333326,0.09966610925150705,185,0.55,0.3333333333333333,0.55,0.35,0.5333333333333333,0.0036206722259521486,0.0014009475708007812
0.0464159,0.1,5,0.6466666666666665,0.0979795897113271,96,0.6333333333333333,0.8333333333333333,0.6333333333333333,0.5666666666666667,0.5666666666666667,0.02257847785949707,0.001418924331665039
0.0464159,0.1,10,0.7166666666666667,0.10055402085998903,25,0.8333333333333333,0.8166666666666667,0.7166666666666667,0.5666666666666667,0.65,0.02269268035888672,0.0014235973358154297
0.0464159,0.1,20,0.7133333333333333,0.08524474568362947,41,0.8333333333333333,0.7166666666666667,0.7166666666666667,0.7333333333333334,0.5666666666666667,0.02302837371826172,0.001420307159423828
0.0464159,0.1,50,0.6766666666666665,0.09521904571390465,81,0.8333333333333333,0.6166666666666667,0.6333333333333333,0.7333333333333334,0.5666666666666667,0.022727251052856445,0.0014211177825927735
0.0464159,0.3,5,0.6266666666666666,0.11999999999999997,103,0.6333333333333333,0.8333333333333333,0.6333333333333333,0.5666666666666667,0.4666666666666667,0.023184728622436524,0.0014203548431396484
0.0464159,0.3,10,0.7166666666666666,0.10327955589886444,26,0.8333333333333333,0.8166666666666667,0.6333333333333333,0.7333333333333334,0.5666666666666667,0.023247337341308592,0.0014089584350585938
0.0464159,0.3,20,0.7366666666666667,0.1275408431313933,9,0.8333333333333333,0.9166666666666667,0.6333333333333333,0.7333333333333334,0.5666666666666667,0.023136997222900392,0.001409006118774414
0.0464159,0.3,50,0.6499999999999999,0.09249624617007739,93,0.8166666666666667,0.6166666666666667,0.6333333333333333,0.5333333333333333,0.65,0.023228216171264648,0.0014229297637939453
0.0464159,0.5,5,0.58,0.11025223605694152,127,0.5666666666666667,0.3833333333333333,0.7166666666666667,0.6,0.6333333333333333,0.014672803878784179,0.0014251232147216796
0.0464159,0.5,10,0.5466666666666666,0.13055437351710764,136,0.5666666666666667,0.35,0.6166666666666667,0.4666666666666667,0.7333333333333334,0.014694786071777344,0.0013974666595458984
0.0464159,0.5,20,0.5666666666666667,0.21705094128132943,130,0.48333333333333334,0.26666666666666666,0.8166666666666667,0.45,0.8166666666666667,0.014633989334106446,0.0014102458953857422
0.0464159,0.5,50,0.5599999999999999,0.18844392033470095,134,0.65,0.3333333333333333,0.8166666666666667,0.35,0.65,0.014670705795288086,0.0014145374298095703
0.0464159,0.7,5,0.5333333333333333,0.08096638534327412,137,0.6,0.3833333333333333,0.5666666666666667,0.6,0.5166666666666667,0.004329824447631836,0.0014008522033691407
0.0464159,0.7,10,0.5233333333333332,0.11527744310527054,153,0.7,0.35,0.5666666666666667,0.4666666666666667,0.5333333333333333,0.004260492324829101,0.0013919830322265624
0.0464159,0.7,20,0.49333333333333335,0.12762793146051096,169,0.55,0.26666666666666666,0.5666666666666667,0.45,0.6333333333333333,0.0042841434478759766,0.0014027118682861327
0.0464159,0.7,50,0.46333333333333326,0.09966610925150705,185,0.55,0.3333333333333333,0.55,0.35,0.5333333333333333,0.004349184036254883,0.001412820816040039
0.0464159,0.9,5,0.5333333333333333,0.08096638534327412,137,0.6,0.3833333333333333,0.5666666666666667,0.6,0.5166666666666667,0.004139757156372071,0.001389932632446289
0.0464159,0.9,10,0.5233333333333332,0.11527744310527054,153,0.7,0.35,0.5666666666666667,0.4666666666666667,0.5333333333333333,0.004125261306762695,0.0014081478118896484
0.0464159,0.9,20,0.49333333333333335,0.12762793146051096,169,0.55,0.26666666666666666,0.5666666666666667,0.45,0.6333333333333333,0.004214334487915039,0.0013994216918945313
0.0464159,0.9,50,0.46333333333333326,0.09966610925150705,185,0.55,0.3333333333333333,0.55,0.35,0.5333333333333333,0.004178380966186524,0.0013964653015136718
0.16681,0.1,5,0.5933333333333332,0.17178798302300166,121,0.6333333333333333,0.8333333333333333,0.6333333333333333,0.3,0.5666666666666667,0.05248479843139649,0.0014243602752685546
0.16681,0.1,10,0.7033333333333334,0.1644519517805868,52,0.75,0.8166666666666667,0.9166666666666667,0.4666666666666667,0.5666666666666667,0.05248017311096191,0.0014347076416015626
0.16681,0.1,20,0.7666666666666666,0.12064640713902569,4,0.8333333333333333,0.8166666666666667,0.9,0.7333333333333334,0.55,0.05246615409851074,0.0014627933502197265
0.16681,0.1,50,0.6933333333333334,0.06377042156569666,69,0.7333333333333334,0.7166666666666667,0.7333333333333334,0.7166666666666667,0.5666666666666667,0.05227346420288086,0.001486968994140625
0.16681,0.3,5,0.6299999999999999,0.061824123303304716,101,0.65,0.7333333333333334,0.6333333333333333,0.5666666666666667,0.5666666666666667,0.05663175582885742,0.001470947265625
0.16681,0.3,10,0.6966666666666665,0.090921211313239,68,0.75,0.8166666666666667,0.7166666666666667,0.55,0.65,0.05681138038635254,0.0015094757080078125
0.16681,0.3,20,0.6933333333333334,0.08981462390204985,69,0.8333333333333333,0.7166666666666667,0.7166666666666667,0.6333333333333333,0.5666666666666667,0.05690336227416992,0.001520824432373047
0.16681,0.3,50,0.7266666666666666,0.1258747172566614,15,0.9166666666666667,0.7,0.6333333333333333,0.8166666666666667,0.5666666666666667,0.05686831474304199,0.0015182018280029297
0.16681,0.5,5,0.6966666666666667,0.059066817155564506,61,0.6333333333333333,0.7333333333333334,0.6166666666666667,0.75,0.75,0.05904850959777832,0.0015472412109375
0.16681,0.5,10,0.7166666666666666,0.06324555320336757,26,0.75,0.8166666666666667,0.7166666666666667,0.65,0.65,0.05904555320739746,0.0015300750732421876
0.16681,0.5,20,0.7133333333333333,0.07102425250887504,41,0.8333333333333333,0.7166666666666667,0.6333333333333333,0.7333333333333334,0.65,0.059079313278198244,0.001546621322631836
0.16681,0.5,50,0.76,0.09521904571390469,5,0.9166666666666667,0.7,0.7166666666666667,0.8166666666666667,0.65,0.0590212345123291,0.0015324115753173827
0.16681,0.7,5,0.6799999999999999,0.05206833117271103,77,0.65,0.7333333333333334,0.6166666666666667,0.75,0.65,0.06333408355712891,0.0015256404876708984
0.16681,0.7,10,0.7733333333333332,0.10624918300339485,2,0.8333333333333333,0.9166666666666667,0.8166666666666667,0.65,0.65,0.06331453323364258,0.0015236854553222657
0.16681,0.7,20,0.7,0.1183215956619923,56,0.75,0.8166666666666667,0.8166666666666667,0.55,0.5666666666666667,0.0634772777557373,0.001533651351928711
0.16681,0.7,50,0.6666666666666667,0.09545214042184234,84,0.8166666666666667,0.5333333333333333,0.7166666666666667,0.6166666666666667,0.65,0.06390256881713867,0.0015424251556396484
0.16681,0.9,5,0.6599999999999999,0.07423685817106696,90,0.65,0.7333333333333334,0.6166666666666667,0.75,0.55,0.05928812026977539,0.001539754867553711
0.16681,0.9,10,0.7733333333333332,0.10624918300339485,2,0.8333333333333333,0.9166666666666667,0.8166666666666667,0.65,0.65,0.0589961051940918,0.0015272140502929688
0.16681,0.9,20,0.7300000000000001,0.13224556283251582,14,0.8333333333333333,0.9166666666666667,0.7166666666666667,0.6333333333333333,0.55,0.05902419090270996,0.0015305519104003907
0.16681,0.9,50,0.7,0.09545214042184234,56,0.8166666666666667,0.6166666666666667,0.8166666666666667,0.6166666666666667,0.6333333333333333,0.05879783630371094,0.001539897918701172
0.599484,0.1,5,0.62,0.0896908269804914,110,0.6333333333333333,0.7166666666666667,0.65,0.45,0.65,0.12379269599914551,0.0015648841857910157
0.599484,0.1,10,0.65,0.14181364924121764,92,0.75,0.8166666666666667,0.6333333333333333,0.4,0.65,0.12461423873901367,0.0015653610229492188
0.599484,0.1,20,0.7533333333333333,0.10821788720498614,8,0.8333333333333333,0.8166666666666667,0.8333333333333333,0.7333333333333334,0.55,0.12435808181762695,0.0015804290771484375
0.599484,0.1,50,0.6966666666666667,0.09092121131323905,61,0.8333333333333333,0.7166666666666667,0.7333333333333334,0.6333333333333333,0.5666666666666667,0.1240684986114502,0.0015736103057861328
0.599484,0.3,5,0.6466666666666667,0.14959203781544586,94,0.65,0.9166666666666667,0.6333333333333333,0.4666666666666667,0.5666666666666667,0.14245643615722656,0.0015599727630615234
0.599484,0.3,10,0.6833333333333332,0.10903618155864081,74,0.75,0.7166666666666667,0.8333333333333333,0.5666666666666667,0.55,0.14230737686157227,0.0015766620635986328
0.599484,0.3,20,0.7133333333333333,0.09213516640723499,41,0.8333333333333333,0.7166666666666667,0.75,0.7166666666666667,0.55,0.14221110343933105,0.001570749282836914
0.599484,0.3,50,0.7133333333333333,0.10614455552060437,41,0.8333333333333333,0.6166666666666667,0.7333333333333334,0.8166666666666667,0.5666666666666667,0.1425779342651367,0.001589202880859375
0.599484,0.5,5,0.7566666666666666,0.1306394529484362,6,0.65,0.9166666666666667,0.9166666666666667,0.65,0.65,0.1538862705230713,0.0015646934509277344
0.599484,0.5,10,0.68,0.14884742374510737,75,0.8333333333333333,0.7333333333333334,0.8166666666666667,0.5666666666666667,0.45,0.1539896011352539,0.001569366455078125
0.599484,0.5,20,0.7,0.13621877827801698,56,0.8333333333333333,0.8166666666666667,0.75,0.6333333333333333,0.4666666666666667,0.1535808563232422,0.0015571117401123047
0.599484,0.5,50,0.71,0.10572501018102468,50,0.8333333333333333,0.6166666666666667,0.8166666666666667,0.7166666666666667,0.5666666666666667,0.1533130168914795,0.0015681266784667968
0.599484,0.7,5,0.7,0.07149203529842402,56,0.65,0.7166666666666667,0.8333333333333333,0.65,0.65,0.17378678321838378,0.0015704631805419922
0.599484,0.7,10,0.6799999999999999,0.13012814197295422,77,0.65,0.8166666666666667,0.8166666666666667,0.65,0.4666666666666667,0.17372050285339355,0.001556539535522461
0.599484,0.7,20,0.6633333333333333,0.06944222218666551,88,0.75,0.7166666666666667,0.6666666666666666,0.6333333333333333,0.55,0.17413730621337892,0.001564359664916992
0.599484,0.7,50,0.7100000000000001,0.07118052168020873,49,0.75,0.6166666666666667,0.7166666666666667,0.8166666666666667,0.65,0.1736194133758545,0.001579427719116211
0.599484,0.9,5,0.6966666666666667,0.0740870359029762,61,0.6333333333333333,0.7166666666666667,0.8333333333333333,0.65,0.65,0.22897815704345703,0.0016279220581054688
0.599484,0.9,10,0.7166666666666666,0.08164965809277258,26,0.65,0.8166666666666667,0.8166666666666667,0.65,0.65,0.22827553749084473,0.0015604496002197266
0.599484,0.9,20,0.7366666666666666,0.09510228411791402,10,0.75,0.7166666666666667,0.8333333333333333,0.8166666666666667,0.5666666666666667,0.22840480804443358,0.001568174362182617
0.599484,0.9,50,0.7066666666666667,0.07423685817106693,51,0.8333333333333333,0.6166666666666667,0.7166666666666667,0.7166666666666667,0.65,0.2287513256072998,0.001563119888305664
2.15443,0.1,5,0.5833333333333334,0.09486832980505139,124,0.6333333333333333,0.7333333333333334,0.55,0.45,0.55,0.23916893005371093,0.001564359664916992
2.15443,0.1,10,0.6566666666666666,0.10519822558706335,91,0.6333333333333333,0.8166666666666667,0.5333333333333333,0.5666666666666667,0.7333333333333334,0.23858814239501952,0.0015516281127929688
2.15443,0.1,20,0.7366666666666666,0.07845734863959877,10,0.8333333333333333,0.8166666666666667,0.7333333333333334,0.65,0.65,0.23845348358154297,0.0015497684478759765
2.15443,0.1,50,0.6966666666666667,0.09092121131323905,61,0.8333333333333333,0.7166666666666667,0.7333333333333334,0.6333333333333333,0.5666666666666667,0.23900456428527833,0.0015654563903808594
2.15443,0.3,5,0.6033333333333334,0.13474255287605158,114,0.6333333333333333,0.8166666666666667,0.65,0.45,0.4666666666666667,0.29862565994262696,0.0015597820281982421
2.15443,0.3,10,0.7033333333333334,0.1142122779934121,52,0.75,0.8166666666666667,0.7333333333333334,0.48333333333333334,0.7333333333333334,0.298358678817749,0.00157012939453125
2.15443,0.3,20,0.7133333333333333,0.10561986345169903,41,0.8333333333333333,0.7166666666666667,0.8166666666666667,0.65,0.55,0.2980343341827393,0.0015619277954101562
2.15443,0.3,50,0.6966666666666667,0.09451631252505216,61,0.8333333333333333,0.6166666666666667,0.7333333333333334,0.7333333333333334,0.5666666666666667,0.29769134521484375,0.001561450958251953
2.15443,0.5,5,0.6266666666666667,0.19453648615219832,102,0.4666666666666667,0.9166666666666667,0.7333333333333334,0.65,0.3666666666666667,0.3441604137420654,0.001557302474975586
2.15443,0.5,10,0.6666666666666666,0.1273664878302853,85,0.75,0.8166666666666667,0.7333333333333334,0.48333333333333334,0.55,0.3433723449707031,0.0015615463256835938
2.15443,0.5,20,0.7133333333333332,0.10295630140987,47,0.8333333333333333,0.7166666666666667,0.8166666666666667,0.5666666666666667,0.6333333333333333,0.3431833267211914,0.0015597343444824219
2.15443,0.5,50,0.7133333333333333,0.10295630140987,41,0.8333333333333333,0.7166666666666667,0.6333333333333333,0.8166666666666667,0.5666666666666667,0.3460701465606689,0.0015698909759521485
2.15443,0.7,5,0.6133333333333334,0.1930457631409368,112,0.5666666666666667,0.9166666666666667,0.7333333333333334,0.48333333333333334,0.3666666666666667,0.37908248901367186,0.001561117172241211
2.15443,0.7,10,0.6666666666666666,0.08881941729649487,85,0.75,0.7333333333333334,0.7333333333333334,0.5666666666666667,0.55,0.37924752235412595,0.0016791820526123047
2.15443,0.7,20,0.6799999999999999,0.09030811456096043,77,0.8333333333333333,0.7166666666666667,0.65,0.5666666666666667,0.6333333333333333,0.3782666206359863,0.0015738487243652343
2.15443,0.7,50,0.6933333333333334,0.09345230512584123,69,0.8333333333333333,0.6166666666666667,0.7333333333333334,0.7166666666666667,0.5666666666666667,0.3757983684539795,0.0015604496002197266
2.15443,0.9,5,0.6466666666666666,0.14959203781544586,95,0.4666666666666667,0.9166666666666667,0.65,0.5666666666666667,0.6333333333333333,0.40921545028686523,0.001560211181640625
2.15443,0.9,10,0.68,0.0896908269804914,75,0.65,0.8166666666666667,0.7333333333333334,0.65,0.55,0.40901799201965333,0.001563262939453125
2.15443,0.9,20,0.6633333333333333,0.10402991022884821,88,0.8333333333333333,0.7166666666666667,0.65,0.5666666666666667,0.55,0.40946345329284667,0.0015641212463378905
2.15443,0.9,50,0.6733333333333335,0.069602043392737,83,0.75,0.6166666666666667,0.7166666666666667,0.7166666666666667,0.5666666666666667,0.4090723514556885,0.0015706062316894532
7.74264,0.1,5,0.6,0.07527726527090811,115,0.6333333333333333,0.7333333333333334,0.5333333333333333,0.55,0.55,0.28656811714172364,0.0015855789184570312
7.74264,0.1,10,0.6233333333333334,0.150037032465692,104,0.7333333333333334,0.8166666666666667,0.6333333333333333,0.3833333333333333,0.55,0.2862549304962158,0.001514291763305664
7.74264,0.1,20,0.7233333333333333,0.12806248474865695,17,0.8333333333333333,0.8166666666666667,0.8333333333333333,0.5666666666666667,0.5666666666666667,0.2871061325073242,0.0015119075775146484
7.74264,0.1,50,0.7166666666666666,0.08563488385776752,26,0.8333333333333333,0.7166666666666667,0.7333333333333334,0.7333333333333334,0.5666666666666667,0.28659420013427733,0.0015274524688720704
7.74264,0.3,5,0.5833333333333334,0.12292725943057181,124,0.55,0.8166666666666667,0.55,0.45,0.55,0.4829838275909424,0.0015738487243652343
7.74264,0.3,10,0.6433333333333333,0.18932629094883904,97,0.75,0.8166666666666667,0.6333333333333333,0.2833333333333333,0.7333333333333334,0.483601713180542,0.001553964614868164
7.74264,0.3,20,0.7166666666666666,0.10593499054713798,26,0.8333333333333333,0.8166666666666667,0.7333333333333334,0.65,0.55,0.4840845584869385,0.0015586376190185546
7.74264,0.3,50,0.6966666666666667,0.09092121131323905,61,0.8333333333333333,0.7166666666666667,0.7333333333333334,0.6333333333333333,0.5666666666666667,0.48401308059692383,0.0015899658203125
7.74264,0.5,5,0.5700000000000001,0.14352700094407322,128,0.4666666666666667,0.8166666666666667,0.65,0.45,0.4666666666666667,0.5340035915374756,0.0015711307525634766
7.74264,0.5,10,0.6866666666666666,0.11469767022723502,73,0.75,0.8166666666666667,0.7333333333333334,0.48333333333333334,0.65,0.5329761028289794,0.0015555858612060548
7.74264,0.5,20,0.7166666666666666,0.10381607668264956,26,0.8333333333333333,0.7166666666666667,0.8166666666666667,0.6666666666666666,0.55,0.5323418140411377,0.001569509506225586
7.74264,0.5,50,0.6366666666666667,0.05416025603090642,99,0.7333333333333334,0.6166666666666667,0.6333333333333333,0.6333333333333333,0.5666666666666667,0.5327146530151368,0.0015618324279785157
7.74264,0.7,5,0.5866666666666667,0.15613384571507158,122,0.4666666666666667,0.8166666666666667,0.7333333333333334,0.45,0.4666666666666667,0.6366557121276856,0.0015648365020751952
7.74264,0.7,10,0.7033333333333334,0.1142122779934121,52,0.75,0.8166666666666667,0.7333333333333334,0.48333333333333334,0.7333333333333334,0.6363983154296875,0.001571321487426758
7.74264,0.7,20,0.7133333333333332,0.10295630140987,47,0.8333333333333333,0.7166666666666667,0.8166666666666667,0.5666666666666667,0.6333333333333333,0.6351096630096436,0.0015706539154052735
7.74264,0.7,50,0.6766666666666665,0.09521904571390465,81,0.8333333333333333,0.6166666666666667,0.6333333333333333,0.7333333333333334,0.5666666666666667,0.6369280338287353,0.001573324203491211
7.74264,0.9,5,0.5933333333333334,0.20016659728003242,120,0.4666666666666667,0.9166666666666667,0.7333333333333334,0.4666666666666667,0.3833333333333333,0.6654675483703614,0.0015628337860107422
7.74264,0.9,10,0.7033333333333334,0.1142122779934121,52,0.75,0.8166666666666667,0.7333333333333334,0.48333333333333334,0.7333333333333334,0.6645808696746827,0.0015706062316894532
7.74264,0.9,20,0.7333333333333333,0.11105554165971787,13,0.8333333333333333,0.8166666666666667,0.8166666666666667,0.5666666666666667,0.6333333333333333,0.6653326034545899,0.0016780853271484374
7.74264,0.9,50,0.6933333333333334,0.09345230512584123,69,0.8333333333333333,0.6166666666666667,0.7333333333333334,0.7166666666666667,0.5666666666666667,0.6647606372833252,0.001587057113647461
27.8256,0.1,5,0.6199999999999999,0.06782329983125268,111,0.6333333333333333,0.7333333333333334,0.6333333333333333,0.55,0.55,0.30514864921569823,0.001519918441772461
27.8256,0.1,10,0.5866666666666667,0.2053181812591266,122,0.7333333333333334,0.7166666666666667,0.7333333333333334,0.2,0.55,0.3053125381469727,0.001512289047241211
27.8256,0.1,20,0.7233333333333333,0.12806248474865695,17,0.8333333333333333,0.8166666666666667,0.8333333333333333,0.5666666666666667,0.5666666666666667,0.30535316467285156,0.0015220165252685547
27.8256,0.1,50,0.7166666666666666,0.08563488385776752,26,0.8333333333333333,0.7166666666666667,0.7333333333333334,0.7333333333333334,0.5666666666666667,0.30550398826599123,0.0014977455139160156
27.8256,0.3,5,0.6,0.07527726527090811,115,0.6333333333333333,0.7333333333333334,0.5333333333333333,0.55,0.55,0.4281346797943115,0.001558828353881836
27.8256,0.3,10,0.6233333333333334,0.150037032465692,104,0.7333333333333334,0.8166666666666667,0.6333333333333333,0.3833333333333333,0.55,0.42575945854187014,0.0015656471252441407
27.8256,0.3,20,0.7233333333333333,0.12806248474865695,17,0.8333333333333333,0.8166666666666667,0.8333333333333333,0.5666666666666667,0.5666666666666667,0.4245167255401611,0.0015797615051269531
27.8256,0.3,50,0.7166666666666666,0.08563488385776752,26,0.8333333333333333,0.7166666666666667,0.7333333333333334,0.7333333333333334,0.5666666666666667,0.4247248649597168,0.0015572071075439452
27.8256,0.5,5,0.5633333333333335,0.09273618495495704,133,0.55,0.7333333333333334,0.5333333333333333,0.45,0.55,0.5225295543670654,0.0015695571899414062
27.8256,0.5,10,0.6433333333333333,0.1812303629209092,97,0.7333333333333334,0.8166666666666667,0.6333333333333333,0.3,0.7333333333333334,0.5209072589874267,0.001565408706665039
27.8256,0.5,20,0.7566666666666666,0.08730533902472526,6,0.8333333333333333,0.8166666666666667,0.8333333333333333,0.65,0.65,0.5213555335998535,0.0015679359436035155
27.8256,0.5,50,0.7166666666666666,0.08563488385776752,26,0.8333333333333333,0.7166666666666667,0.7333333333333334,0.7333333333333334,0.5666666666666667,0.519499683380127,0.0015667915344238282
27.8256,0.7,5,0.5833333333333334,0.12292725943057181,124,0.55,0.8166666666666667,0.55,0.45,0.55,0.6791352748870849,0.0015646934509277344
27.8256,0.7,10,0.6066666666666667,0.21359359124801056,113,0.65,0.8166666666666667,0.6333333333333333,0.2,0.7333333333333334,0.6807341575622559,0.0015689373016357423
27.8256,0.7,20,0.7733333333333333,0.07195677714974297,1,0.8333333333333333,0.8166666666666667,0.8333333333333333,0.65,0.7333333333333334,0.6775132179260254,0.0015833377838134766
27.8256,0.7,50,0.6766666666666667,0.09521904571390465,80,0.8333333333333333,0.6166666666666667,0.7333333333333334,0.6333333333333333,0.5666666666666667,0.6812997817993164,0.0015717506408691405
27.8256,0.9,5,0.55,0.1378404875209022,135,0.4666666666666667,0.8166666666666667,0.4666666666666667,0.45,0.55,0.7738123416900635,0.0016435146331787109
27.8256,0.9,10,0.7233333333333334,0.12587471725666136,16,0.75,0.8166666666666667,0.8333333333333333,0.48333333333333334,0.7333333333333334,0.7736925601959228,0.001608896255493164
27.8256,0.9,20,0.7,0.11642832797715318,56,0.8333333333333333,0.7166666666666667,0.8166666666666667,0.5833333333333334,0.55,0.7680802345275879,0.0015778064727783204
27.8256,0.9,50,0.6966666666666667,0.09451631252505216,61,0.8333333333333333,0.6166666666666667,0.7333333333333334,0.7333333333333334,0.5666666666666667,0.7660301208496094,0.0015841007232666015
100.0,0.1,5,0.5666666666666667,0.15311578770474468,130,0.6333333333333333,0.7333333333333334,0.6333333333333333,0.55,0.2833333333333333,0.36487483978271484,0.0016307830810546875
100.0,0.1,10,0.6233333333333334,0.21176506899024788,104,0.7333333333333334,0.7166666666666667,0.7333333333333334,0.2,0.7333333333333334,0.36452326774597166,0.0015178203582763671
100.0,0.1,20,0.7233333333333333,0.12806248474865695,17,0.8333333333333333,0.8166666666666667,0.8333333333333333,0.5666666666666667,0.5666666666666667,0.3639991283416748,0.0015161514282226562
100.0,0.1,50,0.7166666666666666,0.08563488385776752,26,0.8333333333333333,0.7166666666666667,0.7333333333333334,0.7333333333333334,0.5666666666666667,0.36379199028015136,0.0015404701232910156
100.0,0.3,5,0.5666666666666667,0.15311578770474468,130,0.6333333333333333,0.7333333333333334,0.6333333333333333,0.55,0.2833333333333333,0.3687699317932129,0.0015343189239501952
100.0,0.3,10,0.6233333333333334,0.21176506899024788,104,0.7333333333333334,0.7166666666666667,0.7333333333333334,0.2,0.7333333333333334,0.37029666900634767,0.0015332698822021484
100.0,0.3,20,0.7233333333333333,0.12806248474865695,17,0.8333333333333333,0.8166666666666667,0.8333333333333333,0.5666666666666667,0.5666666666666667,0.3689571857452393,0.001547098159790039
100.0,0.3,50,0.7166666666666666,0.08563488385776752,26,0.8333333333333333,0.7166666666666667,0.7333333333333334,0.7333333333333334,0.5666666666666667,0.3692763328552246,0.001564788818359375
100.0,0.5,5,0.6,0.07527726527090811,115,0.6333333333333333,0.7333333333333334,0.5333333333333333,0.55,0.55,0.3947908401489258,0.0015490055084228516
100.0,0.5,10,0.5666666666666668,0.1946506842754191,129,0.7333333333333334,0.7166666666666667,0.6333333333333333,0.2,0.55,0.3955057621002197,0.0015568256378173829
100.0,0.5,20,0.7233333333333333,0.12806248474865695,17,0.8333333333333333,0.8166666666666667,0.8333333333333333,0.5666666666666667,0.5666666666666667,0.39524068832397463,0.0015624523162841796
100.0,0.5,50,0.7166666666666666,0.08563488385776752,26,0.8333333333333333,0.7166666666666667,0.7333333333333334,0.7333333333333334,0.5666666666666667,0.3950188159942627,0.0015706539154052735
100.0,0.7,5,0.6,0.07527726527090811,115,0.6333333333333333,0.7333333333333334,0.5333333333333333,0.55,0.55,0.43353896141052245,0.0015837669372558594
100.0,0.7,10,0.6233333333333334,0.150037032465692,104,0.7333333333333334,0.8166666666666667,0.6333333333333333,0.3833333333333333,0.55,0.43345279693603517,0.001562643051147461
100.0,0.7,20,0.7233333333333333,0.12806248474865695,17,0.8333333333333333,0.8166666666666667,0.8333333333333333,0.5666666666666667,0.5666666666666667,0.43311634063720705,0.0015697002410888672
100.0,0.7,50,0.7166666666666666,0.08563488385776752,26,0.8333333333333333,0.7166666666666667,0.7333333333333334,0.7333333333333334,0.5666666666666667,0.4355466842651367,0.0015703678131103516
100.0,0.9,5,0.6,0.07527726527090811,115,0.6333333333333333,0.7333333333333334,0.5333333333333333,0.55,0.55,0.47425994873046873,0.0015756607055664063
100.0,0.9,10,0.6233333333333334,0.150037032465692,104,0.7333333333333334,0.8166666666666667,0.6333333333333333,0.3833333333333333,0.55,0.4739524364471436,0.0015547752380371093
100.0,0.9,20,0.7233333333333333,0.12806248474865695,17,0.8333333333333333,0.8166666666666667,0.8333333333333333,0.5666666666666667,0.5666666666666667,0.4731014251708984,0.0015812397003173828
100.0,0.9,50,0.7166666666666666,0.08563488385776752,26,0.8333333333333333,0.7166666666666667,0.7333333333333334,0.7333333333333334,0.5666666666666667,0.47583303451538084,0.0015896320343017577
