Chromosome,Start,End,Nclone,Array.129,Array.34,Array.67,Array.24,Array.22,Array.36,Array.49,Array.16,Array.146,Array.143,Array.65,Array.62,Array.4,Array.76,Array.118,Array.154,Array.48,Array.6,Array.39,Array.86,Array.112,Array.79,Array.124,Array.19,Array.27,Array.106,Array.110,Array.69,Array.73,Array.95,Array.98,Array.17,Array.33,Array.138,Array.149,Array.101,Array.90,Array.99,Array.57,Array.105,Array.85,Array.114,Array.56,Array.5,Array.8,Array.113,Array.148,Array.42,Array.25,Array.102,Array.55,Array.141,Array.43,Array.159,Array.52,Array.88,Array.125,Array.152,Array.50,Array.23,Array.68,Array.94,Array.153,Array.51,Array.142,Array.144,Array.37,Array.78,Array.18,Array.82,Array.75,Array.139,Array.2,Array.117,Array.60,Array.38,Array.72,Array.104,Array.137,Array.145,Array.31,Array.135,Array.111,Array.7,Array.21,Array.53,Array.59,Array.71,Array.47,Array.107,Array.64,Array.89,Array.30,Array.35,Array.93,Array.10,Array.123,Array.100,Array.134,Array.130
1,3149648,3157982,2,0.0,0.0,0.0,0.0,0.0,0.0,-1.0,-1.0,0.0,0.0,0.0,1.0,-1.0,0.0,0.0,-1.0,0.0,0.0,-1.0,0.0,0.0,2.0,0.0,-1.0,0.0,-1.0,0.0,-1.0,0.0,0.0,0.0,0.0,-1.0,-1.0,-1.0,1.0,-1.0,0.0,-1.0,-1.0,0.0,0.0,-1.0,1.0,-1.0,2.0,-1.0,0.0,0.0,0.0,1.0,0.0,0.0,0.0,0.0,0.0,0.0,0.0,0.0,0.0,-1.0,0.0,-1.0,0.0,0.0,0.0,0.0,0.0,-1.0,0.0,0.0,0.0,0.0,0.0,0.0,0.0,0.0,0.0,0.0,-1.0,1.0,0.0,1.0,0.0,0.0,0.0,-1.0,1.0,-1.0,0.0,0.0,0.0,1.0,0.0,0.0,0.0,0.0,0.0,-1.0,0.0
1,17030134,22668805,556,0.0,0.0,0.0,0.0,-1.0,0.0,-1.0,-1.0,0.0,-1.0,0.0,1.0,-1.0,0.0,0.0,0.0,0.0,0.0,-1.0,0.0,0.0,0.0,0.0,-1.0,0.0,-1.0,0.0,-1.0,0.0,0.0,0.0,0.0,0.0,-1.0,-1.0,1.0,-1.0,0.0,-1.0,-1.0,0.0,-1.0,-1.0,0.0,0.0,-1.0,-1.0,-1.0,-1.0,-1.0,1.0,0.0,0.0,-1.0,0.0,-1.0,0.0,0.0,0.0,0.0,-1.0,0.0,-1.0,0.0,0.0,0.0,0.0,0.0,-1.0,0.0,0.0,0.0,0.0,0.0,0.0,0.0,0.0,0.0,0.0,-1.0,1.0,0.0,0.0,0.0,0.0,0.0,-1.0,0.0,0.0,0.0,0.0,0.0,0.0,0.0,0.0,0.0,-1.0,0.0,-1.0,0.0
1,149369522,149394958,5,1.0,-1.0,0.0,-1.0,-1.0,0.0,2.0,-1.0,0.0,1.0,0.0,0.0,1.0,1.0,-1.0,-1.0,0.0,-1.0,1.0,1.0,-1.0,1.0,-1.0,1.0,1.0,0.0,1.0,2.0,1.0,0.0,-1.0,1.0,1.0,2.0,-1.0,0.0,-1.0,-1.0,-1.0,1.0,1.0,0.0,-1.0,0.0,1.0,1.0,0.0,1.0,0.0,-1.0,-1.0,1.0,-1.0,-1.0,0.0,1.0,0.0,0.0,1.0,2.0,-1.0,2.0,0.0,0.0,2.0,-1.0,1.0,1.0,2.0,-1.0,-1.0,0.0,-1.0,2.0,2.0,0.0,1.0,-1.0,1.0,-1.0,0.0,1.0,0.0,1.0,2.0,-1.0,1.0,1.0,-1.0,2.0,1.0,2.0,-1.0,-1.0,-1.0,1.0,2.0,-1.0,-1.0,2.0
2,91057159,91321476,12,0.0,0.0,0.0,0.0,0.0,0.0,0.0,0.0,0.0,1.0,0.0,1.0,0.0,0.0,0.0,0.0,0.0,0.5,0.0,0.0,0.0,-1.0,1.0,0.0,0.0,1.0,1.0,0.0,0.0,1.0,0.0,0.0,1.0,0.0,0.0,1.0,1.0,1.0,1.0,0.0,0.0,0.0,0.0,0.0,0.0,0.0,0.5,0.0,1.0,0.0,0.0,0.0,0.0,0.0,0.0,0.0,0.0,0.0,1.0,0.0,0.0,0.0,1.0,1.0,1.0,1.0,0.0,0.0,0.0,1.0,0.0,1.0,0.0,1.0,0.0,0.0,0.0,0.0,0.0,1.0,1.0,1.0,1.0,1.0,0.0,0.0,-1.0,2.0,0.0,0.0,0.0,0.0,1.0,0.0,1.0,1.0,0.0,0.0,0.0,0.0
2,131945577,132196569,22,0.0,0.0,0.0,-1.0,0.0,-1.0,0.0,0.0,0.0,0.0,-1.0,1.0,0.0,0.0,0.0,1.0,0.0,0.0,0.0,0.0,0.0,-1.0,1.0,0.0,0.0,0.0,0.0,0.0,0.0,0.0,0.0,0.0,0.0,0.0,0.0,1.0,0.0,0.0,0.0,0.0,0.0,0.0,-1.0,-0.5,0.0,0.0,0.0,0.0,0.0,0.0,0.0,0.0,0.0,0.0,0.0,0.0,0.0,0.0,0.0,0.0,0.0,0.0,0.0,0.0,0.0,0.0,0.0,0.0,0.0,0.0,0.0,0.0,-1.0,0.0,0.0,0.0,0.0,0.0,0.0,0.0,1.0,0.0,1.0,0.0,0.0,-1.0,-1.0,0.0,0.0,0.0,0.0,0.0,0.0,0.0,1.0,0.0,-1.0,0.0,0.0,0.0
3,164112881,193467200,2288,0.0,0.0,0.0,0.0,0.0,0.0,0.0,0.0,0.0,1.0,0.0,1.0,0.0,0.0,1.0,1.0,1.0,0.0,0.0,0.0,0.0,0.0,1.0,0.0,0.0,0.0,0.0,0.0,0.0,0.0,1.0,0.5,0.0,0.0,0.0,1.0,0.0,-1.0,1.0,0.0,0.0,1.0,0.0,0.0,0.0,0.0,1.0,0.0,0.0,1.0,0.0,0.0,0.0,1.0,0.0,0.0,0.0,0.0,1.0,0.0,0.0,0.0,0.0,0.0,1.0,0.0,0.0,0.0,0.0,0.0,0.0,0.0,1.0,0.0,0.0,0.0,0.0,0.0,-1.0,0.0,1.0,1.0,1.0,1.0,0.0,0.0,0.0,1.0,1.0,0.0,0.0,0.0,1.0,1.0,1.0,0.0,0.0,0.0,1.0,0.0
3,193476462,196656506,303,0.0,0.0,0.0,0.0,0.0,0.0,0.0,0.0,0.0,1.0,0.0,1.0,0.0,0.0,1.0,1.0,0.0,0.0,0.0,0.0,0.0,0.0,1.0,0.0,0.0,0.0,0.0,0.0,0.0,0.0,1.0,0.0,0.0,0.0,0.0,1.0,0.0,-1.0,1.0,0.0,0.0,1.0,1.0,0.0,0.0,0.0,1.0,0.0,0.0,1.0,0.0,0.0,0.0,-1.0,0.0,0.0,0.0,0.0,1.0,0.0,0.0,0.0,0.0,0.0,1.0,0.0,0.0,0.0,0.0,0.0,0.0,0.0,1.0,0.0,0.0,0.0,0.0,0.0,0.0,1.0,1.0,1.0,1.0,0.0,0.0,0.0,0.0,1.0,1.0,1.0,0.0,0.0,1.0,1.0,1.0,0.0,1.0,0.0,1.0,0.0
3,196908262,196937230,6,0.0,0.0,-1.0,0.0,0.0,0.0,0.0,0.0,0.0,1.0,0.0,1.0,-1.0,0.0,0.0,1.0,0.0,0.0,0.0,0.0,1.0,0.0,1.0,0.0,0.0,0.0,-1.0,-1.0,0.0,1.0,1.0,0.0,0.0,0.0,1.0,0.0,1.0,-1.0,1.0,0.0,0.0,1.0,1.0,0.0,0.0,0.0,1.0,0.0,-1.0,1.0,-1.0,0.0,0.0,-1.0,1.0,0.0,0.0,0.0,2.0,0.0,0.0,0.0,0.0,0.0,1.0,-1.0,0.0,0.0,0.0,0.0,-1.0,0.0,1.0,0.0,0.0,0.0,-1.0,1.0,0.0,1.0,1.0,0.0,1.0,0.0,0.0,1.0,-1.0,1.0,1.0,1.0,1.0,0.0,1.0,1.0,1.0,0.0,1.0,0.0,1.0,0.0
4,190887518,191165971,20,0.0,0.0,-1.0,-1.0,-1.0,0.0,0.0,0.5,0.0,0.0,0.0,1.0,0.0,0.0,0.0,0.0,0.0,-1.0,0.0,0.0,-1.0,0.0,0.0,0.0,0.0,0.0,0.0,0.0,0.0,0.0,0.0,0.0,0.0,-1.0,-1.0,0.0,0.0,0.0,-1.0,0.0,0.0,-1.0,-0.5,-1.0,1.0,0.0,1.0,0.0,-1.0,0.0,0.0,0.0,1.0,-1.0,0.0,0.0,0.0,0.0,0.0,0.0,0.0,0.0,-1.0,1.0,0.0,0.0,-0.5,0.0,0.0,0.0,-1.0,0.0,-0.5,0.0,0.0,0.0,0.0,0.0,0.0,-1.0,0.5,0.0,-0.5,-1.0,0.0,-1.0,0.0,0.0,-1.0,0.0,-1.0,0.0,-0.5,-0.5,-0.5,-1.0,0.0,0.0,0.0,0.0
5,763494,878290,12,0.0,0.0,0.0,0.0,0.0,0.0,0.0,1.0,0.0,0.0,1.0,0.0,-1.0,1.0,1.0,1.5,0.0,0.0,0.0,0.0,0.5,2.0,-1.0,0.5,0.0,1.0,1.0,0.0,0.0,0.5,1.0,0.0,1.0,0.0,1.0,1.0,-0.5,-1.0,-1.0,0.0,0.0,0.0,0.0,-1.0,0.0,0.0,0.0,1.0,-1.0,0.0,1.0,0.0,1.0,1.0,1.0,0.0,0.0,1.0,-0.5,0.0,0.0,1.0,1.0,2.0,1.0,-0.5,0.0,0.0,1.0,0.0,1.0,0.0,0.0,0.0,0.5,2.0,0.0,-0.5,1.0,-1.0,2.0,0.0,0.0,0.0,1.0,1.5,-0.5,0.0,0.0,0.0,1.0,0.0,0.0,0.0,0.0,1.0,1.0,-0.5,0.0,2.0
5,69274433,96603723,2044,-1.0,0.0,0.0,-1.0,0.0,0.0,-1.0,-1.0,0.0,-1.0,1.0,1.0,-1.0,-1.0,0.0,0.0,0.0,0.0,0.0,0.0,-1.0,1.0,0.0,-1.0,0.0,-1.0,0.0,-1.0,-1.0,1.0,1.0,-1.0,0.0,-1.0,-1.0,1.0,0.0,0.0,0.0,0.0,-1.0,0.0,0.0,-1.0,0.0,0.0,0.0,0.0,-1.0,0.0,-1.0,0.0,0.0,-1.0,0.0,-1.0,0.0,-1.0,0.0,-1.0,0.0,0.0,-1.0,0.0,1.0,0.0,0.0,-1.0,-1.0,0.0,-1.0,0.0,-1.0,0.0,0.0,-1.0,0.0,0.0,0.0,-1.0,0.0,0.0,0.0,0.0,0.0,0.0,0.0,-1.0,-1.0,-1.0,-1.0,0.0,0.0,0.0,0.0,0.0,0.0,0.0,0.0,-1.0
5,96637773,180644810,6567,0.0,-1.0,-1.0,-1.0,0.0,0.0,-1.0,-1.0,0.0,-1.0,1.0,0.0,-1.0,-1.0,0.0,0.0,1.0,0.0,0.0,0.0,-1.0,1.0,0.0,-0.5,0.0,-1.0,0.0,-1.0,0.0,1.0,1.0,0.0,0.0,0.0,-1.0,1.0,0.0,0.0,0.0,0.0,0.0,0.0,0.0,-1.0,0.0,0.0,0.0,0.0,-1.0,-1.0,-1.0,0.0,0.0,-1.0,0.0,-1.0,0.0,-1.0,1.0,-1.0,0.0,0.0,-1.0,0.0,1.0,0.0,0.0,0.0,0.0,0.0,-1.0,0.0,1.0,0.0,0.0,-1.0,0.0,0.0,0.0,-1.0,0.0,0.0,0.0,0.0,0.0,0.0,0.0,-1.0,-1.0,-1.0,-1.0,0.0,0.0,0.0,0.0,0.0,0.0,0.0,0.0,-1.0
6,1535319,30010234,2440,0.0,0.0,0.0,0.0,1.0,0.0,1.0,0.0,0.0,0.0,0.0,1.0,1.0,0.0,0.0,1.0,0.0,1.0,0.0,0.0,0.0,0.0,0.0,0.0,0.0,1.0,0.0,-1.0,0.0,0.0,1.0,0.0,0.0,1.0,-1.0,1.0,0.0,0.0,1.0,0.0,0.0,0.0,0.0,1.0,0.0,-1.0,1.0,0.0,0.0,1.0,0.0,0.0,-1.0,0.0,0.0,1.0,0.0,0.0,1.0,0.0,0.0,0.0,1.0,1.0,1.0,0.0,0.0,0.0,0.0,0.0,0.0,0.0,-1.0,0.0,0.0,-1.0,0.0,0.0,0.0,0.0,1.0,1.0,1.0,0.0,1.0,-1.0,-1.0,0.0,0.0,1.0,1.0,0.0,1.0,0.0,1.0,0.0,1.0,0.0,1.0,0.0
6,30021894,32519935,385,0.0,0.0,0.0,0.0,1.0,0.0,0.0,0.0,0.0,0.0,0.0,1.0,0.0,0.0,0.0,1.0,0.0,0.0,0.0,0.0,1.0,0.0,0.0,0.0,0.0,1.0,0.0,-1.0,0.0,0.0,1.0,0.0,0.0,1.0,-1.0,1.0,0.0,0.0,1.0,0.0,0.0,0.0,0.0,1.0,0.0,-1.0,-1.0,0.0,0.0,1.0,-1.0,0.0,-1.0,0.0,0.0,0.0,0.0,0.0,1.0,0.0,0.0,0.0,1.0,1.0,1.0,0.0,0.0,0.0,0.0,0.0,0.0,0.0,-1.0,0.0,0.0,0.0,0.0,0.0,0.0,0.0,1.0,1.0,1.0,0.0,1.0,-1.0,-1.0,0.0,0.0,1.0,0.0,0.0,0.0,0.0,1.0,0.0,1.0,0.0,1.0,0.0
6,32732764,32738443,2,0.0,0.0,0.0,0.0,1.0,0.0,1.0,0.0,0.0,0.0,0.0,1.0,-1.0,0.0,0.0,1.0,-1.0,1.0,0.0,0.0,1.0,0.0,0.0,0.0,0.0,1.0,0.0,1.0,0.0,0.0,1.0,0.0,0.0,1.0,-1.0,1.0,1.0,0.0,-1.0,0.0,0.0,0.0,0.0,0.0,0.0,-1.0,-1.0,0.0,0.0,0.0,-1.0,0.0,-1.0,0.0,0.0,0.0,0.0,0.0,1.0,1.0,0.0,0.0,1.0,1.0,1.0,0.0,0.0,0.0,0.0,0.0,-1.0,0.0,-1.0,-1.0,0.0,0.0,0.0,0.0,0.0,0.0,1.0,1.0,1.0,0.0,1.0,-1.0,-1.0,0.0,0.0,1.0,0.0,0.0,0.0,0.0,1.0,0.0,0.0,0.0,1.0,0.0
6,32766023,91964331,4407,0.0,-1.0,0.0,0.0,1.0,0.0,1.0,0.0,0.0,0.0,-1.0,1.0,0.0,0.0,1.0,1.0,-1.0,-1.0,0.0,-1.0,0.0,0.0,0.0,0.0,0.0,1.0,0.0,-1.0,0.0,0.0,1.0,0.0,1.0,1.0,-1.0,1.0,0.0,0.0,1.0,0.0,0.0,0.0,0.0,0.0,0.0,-1.0,0.0,1.0,-1.0,1.0,-1.0,0.0,-1.0,0.0,-1.0,-1.0,0.0,0.0,1.0,-1.0,0.0,0.0,1.0,1.0,1.0,0.0,0.0,0.0,-1.0,0.0,0.0,0.0,-1.0,-1.0,-1.0,0.0,0.0,0.0,0.0,-1.0,1.0,1.0,1.0,-1.0,0.0,-1.0,-1.0,0.0,-1.0,1.0,0.0,0.0,0.0,0.0,1.0,0.0,0.0,0.0,1.0,0.0
6,92035339,170943103,5868,1.0,-1.0,-1.0,-1.0,-1.0,0.0,0.0,0.0,0.0,0.0,-1.0,0.0,0.0,-1.0,0.0,0.0,0.0,0.0,0.0,-1.0,-1.0,0.0,0.0,0.0,0.0,0.0,0.0,-1.0,0.0,0.0,-1.0,0.0,0.0,-1.0,-1.0,1.0,0.0,0.0,1.0,0.0,-1.0,-1.0,-1.0,0.0,0.0,-1.0,0.0,1.0,0.0,-1.0,0.0,0.0,-1.0,-1.0,-1.0,-1.0,0.0,1.0,1.0,-1.0,0.0,-0.5,-1.0,1.0,0.0,0.0,0.0,0.0,-1.0,0.0,0.0,0.0,-1.0,-1.0,-1.0,-1.0,0.0,0.0,0.0,0.0,1.0,1.0,1.0,-1.0,0.0,0.0,-1.0,0.0,0.0,0.0,1.0,0.0,1.0,-1.0,1.0,-1.0,-1.0,0.0,-1.0,0.5
8,63810,90816,2,0.0,0.0,-1.0,0.0,0.0,-1.0,-1.0,-1.0,0.0,-1.0,0.0,1.0,0.0,-1.0,-1.0,0.0,-1.0,-1.0,0.0,-1.0,0.0,-1.0,0.0,0.0,0.0,0.0,-1.0,-1.0,-1.0,0.0,1.0,0.0,-1.0,-1.0,-1.0,0.0,-1.0,0.0,0.0,0.0,-1.0,0.0,-1.0,-1.0,0.0,-1.0,-1.0,-1.0,-1.0,0.0,0.0,0.0,-1.0,0.0,-1.0,0.0,0.0,-1.0,0.0,-1.0,-1.0,0.0,-1.0,-1.0,0.0,-1.0,0.0,-1.0,-1.0,0.0,-1.0,0.0,-1.0,0.0,0.0,0.0,-1.0,0.0,0.0,-1.0,0.0,1.0,1.0,0.0,-1.0,0.0,-1.0,-1.0,0.0,-1.0,-1.0,0.0,0.0,0.0,0.0,-1.0,0.0,0.0,-1.0,-1.0
8,166452,6907624,622,-1.0,-1.0,-1.0,0.0,0.0,-1.0,-1.0,-1.0,0.0,-1.0,0.0,0.0,-1.0,-1.0,-1.0,0.0,-1.0,-1.0,0.0,-1.0,1.0,-1.0,-1.0,-1.0,0.0,-1.0,-1.0,-1.0,-1.0,0.0,1.0,0.0,-1.0,-1.0,-1.0,0.0,-1.0,0.0,0.0,-1.0,-1.0,-1.0,-1.0,-1.0,0.0,-1.0,-1.0,-1.0,-1.0,0.0,-1.0,0.0,-1.0,0.0,-1.0,0.0,0.0,-1.0,-1.0,-1.0,-1.0,0.0,-1.0,-1.0,0.0,-1.0,0.0,-1.0,-1.0,0.0,-1.0,-1.0,-1.0,-1.0,0.0,-1.0,-1.0,0.0,0.0,-1.0,0.0,1.0,-1.0,-1.0,-1.0,0.0,-1.0,-1.0,0.0,-1.0,-1.0,0.0,0.0,0.0,-1.0,0.0,-1.0,0.0,-1.0,-1.0
8,16373516,28182114,1030,-1.0,-1.0,-1.0,0.0,0.0,-1.0,-1.0,-1.0,0.0,-1.0,0.0,0.0,-1.0,-1.0,-1.0,-1.0,-1.0,0.0,0.0,-1.0,0.0,-1.0,-1.0,-1.0,0.0,-1.0,-1.0,-1.0,-1.0,0.0,1.0,0.0,-1.0,-1.0,-1.0,0.0,-1.0,0.0,0.0,-1.0,-1.0,-1.0,-1.0,-1.0,-1.0,-1.0,-1.0,-1.0,-1.0,0.0,-1.0,0.0,-1.0,-1.0,-1.0,-1.0,0.0,-1.0,0.0,-1.0,-1.0,0.0,-1.0,-1.0,0.0,-1.0,0.0,-1.0,-1.0,0.0,-1.0,-1.0,-1.0,-1.0,0.0,-1.0,-1.0,0.0,0.0,-1.0,0.0,1.0,-1.0,-1.0,-1.0,0.0,-1.0,-1.0,0.0,-1.0,-1.0,0.0,0.0,0.0,-1.0,-1.0,-1.0,0.0,-1.0,-1.0
8,28208003,35676140,586,-1.0,0.0,1.0,0.0,0.0,-1.0,-1.0,1.0,0.0,-1.0,0.0,0.0,-1.0,-1.0,-1.0,0.0,-1.0,0.0,0.0,-1.0,0.0,-1.0,-1.0,-1.0,0.0,-1.0,-1.0,-1.0,0.0,0.0,1.0,0.0,-1.0,-1.0,-1.0,0.0,-1.0,0.0,0.0,-1.0,-1.0,-1.0,-1.0,-1.0,-1.0,-1.0,1.0,-1.0,-1.0,0.0,-1.0,0.0,-1.0,-1.0,-1.0,-1.0,0.0,-1.0,0.0,-1.0,-1.0,0.0,-1.0,-1.0,0.0,-1.0,0.0,-1.0,-1.0,0.0,-1.0,-1.0,-1.0,0.0,0.0,-1.0,-1.0,0.0,0.0,-1.0,0.0,1.0,-1.0,-1.0,-1.0,0.0,-1.0,-1.0,0.0,-1.0,0.0,0.0,0.0,0.0,-1.0,-1.0,0.0,0.0,-1.0,-1.0
8,35694285,39333915,287,-1.0,0.0,1.0,0.0,0.0,-1.0,1.0,1.0,0.0,-1.0,0.0,1.0,0.0,-1.0,-1.0,0.0,0.0,0.0,0.0,-1.0,0.0,-1.0,0.0,-1.0,0.0,-1.0,-1.0,-1.0,0.0,0.0,1.0,1.0,-1.0,1.0,1.0,0.0,-1.0,0.0,0.0,-1.0,0.0,-1.0,2.0,-1.0,-1.0,-1.0,-1.0,-1.0,-1.0,0.0,-1.0,0.0,2.0,-1.0,0.0,0.0,0.0,1.0,0.0,-1.0,-1.0,0.0,-1.0,0.0,0.0,1.0,0.0,-1.0,0.0,0.0,-1.0,-1.0,0.0,0.0,0.0,2.0,1.0,0.0,0.0,0.0,2.0,1.0,-1.0,-1.0,-1.0,0.0,0.0,0.0,0.0,-1.0,1.0,0.0,1.0,0.0,-1.0,-1.0,0.0,0.0,0.0,0.0
8,39535655,43515874,350,-1.0,-1.0,-1.0,0.0,0.0,0.0,1.0,0.0,0.0,-1.0,0.0,1.0,-1.0,-1.0,2.0,0.0,2.0,0.0,0.0,-1.0,0.0,0.0,2.0,-1.0,0.0,-1.0,0.0,-1.0,0.0,0.0,1.0,1.0,-1.0,0.0,1.0,0.0,-1.0,0.0,0.0,-1.0,0.0,-1.0,0.0,-1.0,2.0,-1.0,1.0,1.0,-0.5,0.0,-1.0,0.0,2.0,0.0,1.0,0.0,0.0,1.0,1.0,2.0,-1.0,0.0,-1.0,-1.0,0.0,-1.0,0.0,-1.0,-1.0,1.0,-1.0,-1.0,-1.0,0.0,0.0,2.0,1.0,0.0,0.0,0.5,2.0,1.0,1.0,-1.0,-1.0,0.0,0.5,0.0,0.0,-1.0,0.0,0.0,1.0,0.0,-1.0,1.0,0.0,0.0,1.0,0.0
11,89400624,134432265,3721,-1.0,-1.0,0.0,-0.5,-1.0,-1.0,-1.0,0.0,0.0,-1.0,-1.0,0.0,0.0,-1.0,0.0,1.0,-1.0,-1.0,0.0,0.0,-1.0,0.0,-1.0,0.0,-1.0,0.0,0.0,0.0,0.0,0.0,-1.0,0.0,-1.0,0.0,-1.0,0.0,0.0,0.0,0.0,0.0,0.0,-1.0,-1.0,-1.0,-1.0,1.0,0.0,-1.0,0.0,0.0,0.0,0.0,0.0,-1.0,-1.0,0.0,0.0,-1.0,0.0,0.0,0.0,-1.0,0.0,1.0,0.0,0.0,0.0,-1.0,0.0,0.0,0.0,0.0,-1.0,0.0,-1.0,0.0,0.0,0.0,-1.0,-1.0,2.0,0.0,1.0,-1.0,0.0,0.0,-1.0,-1.0,-1.0,0.0,0.0,0.0,0.0,0.0,0.0,-1.0,-1.0,0.0,0.0,0.0
12,36739877,67332062,2869,1.0,0.0,0.0,0.0,0.0,0.0,0.0,0.0,0.0,0.0,0.0,1.0,-1.0,0.0,0.0,1.0,1.0,0.0,0.0,0.0,-1.0,0.0,1.0,-0.5,0.0,1.0,0.0,0.0,0.0,1.0,1.0,0.0,0.0,1.0,1.0,1.0,-1.0,0.0,0.0,0.0,0.0,0.0,0.0,0.0,0.0,0.0,0.0,0.0,-1.0,0.0,0.0,0.0,0.0,-1.0,0.0,1.0,0.0,0.0,0.0,1.0,0.0,1.0,-1.0,0.0,1.0,0.0,0.0,0.0,0.0,1.0,0.0,0.0,0.0,0.0,0.0,0.0,0.0,0.0,0.0,-1.0,0.0,0.0,0.0,0.0,1.0,0.0,0.0,0.0,-1.0,0.0,-1.0,0.0,0.0,0.0,0.0,0.0,0.0,0.0,1.0,0.0
12,67337260,132389367,5233,0.0,0.0,0.0,-1.0,0.0,0.0,0.0,0.0,0.0,0.0,0.0,0.0,0.0,0.0,0.0,1.0,1.0,0.0,0.0,0.0,0.0,0.0,1.0,0.0,0.0,1.0,0.0,0.0,0.0,1.0,1.0,0.0,0.0,1.0,0.0,1.0,0.0,0.0,0.0,0.0,0.0,0.0,0.0,0.0,1.0,0.0,0.0,0.0,-1.0,0.0,0.0,0.0,0.0,-1.0,0.0,-1.0,0.0,1.0,0.0,-1.0,0.0,1.0,-1.0,0.0,1.0,0.0,0.0,0.0,0.0,-1.0,-1.0,0.0,0.0,0.0,0.0,-1.0,0.0,0.0,0.0,-1.0,0.0,0.0,0.0,0.0,0.0,0.0,0.0,0.0,0.0,0.0,-1.0,0.0,0.0,0.0,0.0,0.0,1.0,0.0,1.0,0.0
14,22022060,73047267,4564,0.0,0.0,0.0,-1.0,0.0,0.0,0.0,0.0,0.0,1.0,1.0,0.0,-1.0,0.0,0.0,0.0,-1.0,-1.0,0.0,0.0,0.0,0.0,0.0,0.0,0.0,0.0,0.0,-1.0,0.0,1.0,0.0,0.0,1.0,0.0,-0.5,2.0,0.0,0.0,0.0,0.0,-1.0,0.0,0.0,-1.0,1.0,-1.0,1.0,1.0,-1.0,1.0,-1.0,0.0,0.0,0.0,0.0,0.0,0.0,0.0,1.0,1.0,0.0,0.0,1.0,1.0,0.0,0.0,0.0,0.0,-1.0,1.0,0.0,0.0,0.0,-1.0,0.0,-1.0,0.0,0.0,-1.0,0.0,0.0,0.0,0.0,0.0,0.0,0.0,0.0,-1.0,0.0,0.0,0.0,0.0,0.0,0.0,0.0,0.0,0.0,0.0,0.0,0.0
14,105602756,105630089,4,0.0,0.0,1.0,-1.0,-1.0,0.0,-1.0,0.0,0.0,1.0,-1.0,0.0,-1.0,-1.0,0.0,0.0,-1.0,-1.0,0.0,0.0,-1.0,0.0,1.0,-1.0,0.0,0.0,-1.0,-1.0,-1.0,1.0,0.0,1.0,0.0,0.0,0.0,2.0,0.0,-1.0,-1.0,0.0,-1.0,0.0,0.0,-1.0,-1.0,-1.0,0.0,0.0,-1.0,-1.0,-1.0,0.0,-1.0,0.0,-1.0,-1.0,0.0,1.0,1.0,0.0,0.0,0.0,-1.0,1.0,-1.0,-1.0,0.0,0.0,0.0,-1.0,-1.0,-1.0,-1.0,-1.0,-1.0,-1.0,-1.0,0.0,-1.0,0.0,0.0,0.0,1.0,1.0,0.0,-1.0,-1.0,-1.0,-1.0,-1.0,-1.0,0.0,0.0,0.0,-1.0,0.0,-1.0,0.0,-1.0,0.0
14,105654998,105839439,20,0.0,-0.5,1.0,0.0,0.0,0.0,0.0,0.0,0.0,0.5,1.0,0.0,-1.0,0.0,0.0,0.5,-1.0,0.0,0.0,0.0,0.0,0.0,1.0,0.0,0.0,0.0,0.0,0.0,0.0,1.0,0.0,1.0,1.0,0.0,0.0,2.0,0.0,0.0,0.0,0.0,-1.0,0.0,0.0,-1.0,1.0,-1.0,0.0,0.0,-1.0,-0.5,0.0,0.0,0.0,0.0,-1.0,-1.0,0.0,1.0,1.0,0.0,0.0,0.0,-1.0,1.0,0.0,0.0,0.0,0.0,0.0,1.0,-1.0,0.0,0.0,0.0,0.0,-1.0,0.0,0.0,-1.0,0.0,0.0,0.0,1.0,1.0,0.0,0.0,-1.0,-1.0,0.0,1.0,-1.0,0.5,0.0,0.0,0.0,0.0,-1.0,0.0,0.0,0.0
15,53166,592121,5,0.0,0.0,-1.0,-1.0,-1.0,0.0,0.0,0.0,0.0,1.0,0.0,0.0,0.0,0.0,0.0,0.0,0.0,0.0,0.0,0.0,0.0,-1.0,0.0,0.0,0.0,1.0,0.0,0.0,0.0,0.0,0.0,0.0,0.0,0.0,0.0,0.0,0.0,0.0,-1.0,0.0,0.0,-1.0,-1.0,0.0,0.0,-1.0,0.0,0.0,-1.0,0.0,0.0,0.0,0.0,0.0,0.0,0.0,0.0,0.0,0.0,0.0,0.0,0.0,-1.0,1.0,0.0,0.0,0.0,0.0,0.0,0.0,-1.0,0.0,0.0,0.0,0.0,-1.0,0.0,0.0,0.0,-1.0,1.0,0.0,1.0,0.0,0.0,-1.0,-1.0,0.0,0.0,-1.0,0.0,0.0,0.0,0.0,0.0,0.0,0.0,0.0,0.0,0.0
15,739595,18454050,21,0.0,0.0,-1.0,-1.0,0.0,0.0,0.0,0.0,0.0,0.0,0.0,0.0,0.0,0.0,0.0,0.0,0.0,0.0,0.0,0.0,0.0,-1.0,0.0,0.0,0.0,0.0,0.0,0.0,0.0,0.0,0.0,0.0,0.0,0.0,0.0,0.0,0.0,0.0,-1.0,0.0,0.0,-1.0,-1.0,-1.0,0.0,-1.0,0.0,0.0,-1.0,0.0,0.0,0.0,0.0,0.0,0.0,-1.0,0.0,0.0,0.0,0.0,0.0,0.0,-1.0,1.0,0.0,0.0,0.0,0.0,0.0,0.0,-1.0,0.0,0.0,0.0,0.0,-1.0,0.0,0.0,0.0,0.0,0.0,0.0,0.0,0.0,1.0,-1.0,0.0,0.0,0.0,0.0,0.0,0.0,0.0,0.0,0.0,0.0,0.0,0.0,0.0,0.0
15,18657388,18683110,2,0.0,0.0,-1.0,-1.0,0.0,0.0,0.0,0.0,0.0,0.0,1.0,0.0,0.0,0.0,0.0,0.0,0.0,0.0,0.0,1.0,0.0,-1.0,1.0,0.0,0.0,0.0,1.0,0.0,1.0,0.0,0.0,0.0,0.0,0.0,0.0,0.0,0.0,0.0,-1.0,0.0,0.0,-1.0,-1.0,0.0,0.0,-1.0,-1.0,0.0,-1.0,0.0,0.0,0.0,0.0,0.0,0.0,-1.0,0.0,0.0,1.0,0.0,0.0,0.0,-1.0,1.0,0.0,0.0,0.0,0.0,0.0,1.0,1.0,0.0,-1.0,1.0,0.0,-1.0,0.0,0.0,1.0,0.0,0.0,0.0,0.0,0.0,1.0,-1.0,0.0,0.0,-1.0,0.0,0.0,0.0,0.0,1.0,0.0,0.0,0.0,0.0,0.0,0.0
15,22163893,32511475,881,-1.0,0.0,-1.0,-1.0,0.0,0.0,0.0,0.0,0.0,0.0,0.0,0.0,-1.0,-1.0,0.0,0.0,0.5,0.0,0.0,0.0,0.0,-1.0,0.0,0.0,0.0,0.0,0.0,-1.0,0.0,1.0,0.0,-1.0,1.0,0.0,0.0,0.0,-1.0,0.0,-1.0,0.0,-1.0,-1.0,-1.0,0.0,0.0,-1.0,0.0,0.0,-1.0,0.0,0.0,0.0,0.0,0.0,0.0,-1.0,0.0,-1.0,0.0,0.0,0.0,0.0,-1.0,1.0,0.0,1.0,0.0,0.0,-1.0,0.0,-1.0,0.0,1.0,0.0,0.0,-1.0,-1.0,0.0,0.0,-1.0,0.0,0.0,0.0,0.0,1.0,-1.0,-1.0,0.0,0.0,-1.0,-1.0,0.0,0.0,1.0,0.0,0.0,0.0,0.0,0.0,0.0
15,32523241,32594902,10,-1.0,0.0,-1.0,-1.0,-1.0,-1.0,-1.0,0.0,0.0,0.0,0.0,0.0,-1.0,-1.0,-1.0,0.0,-1.0,0.0,0.0,-1.0,0.0,-1.0,0.0,0.0,0.0,0.0,0.0,-1.0,0.0,1.0,0.0,0.0,-1.0,-1.0,0.0,1.0,-1.0,-1.0,-1.0,0.0,-1.0,-1.0,-1.0,-1.0,0.0,-1.0,0.0,-1.0,0.0,-1.0,0.0,0.0,0.0,0.0,0.0,-1.0,0.0,-1.0,0.0,0.0,0.0,0.0,-1.0,1.0,0.0,1.0,-1.0,0.0,0.0,-1.0,-1.0,0.0,1.0,-1.0,0.0,-1.0,0.0,0.0,0.0,-1.0,-1.0,-1.0,0.0,0.0,0.0,-1.0,-1.0,0.0,0.0,0.0,-1.0,0.0,0.0,1.0,0.0,0.0,0.0,0.0,0.0,0.0
16,28087,14817706,1504,0.0,0.0,0.0,-0.5,0.0,0.0,0.0,0.0,0.0,0.0,1.0,1.0,0.0,0.0,1.0,0.0,0.0,0.0,1.0,1.0,0.0,1.0,1.0,0.0,1.0,1.0,0.0,1.0,0.0,1.0,1.0,1.0,1.0,1.0,0.0,1.0,0.0,1.0,0.0,0.0,1.0,1.0,1.0,-1.0,1.0,0.0,-0.5,0.0,0.0,0.0,0.0,0.0,1.0,-1.0,0.0,0.0,0.0,1.0,0.0,1.0,0.0,0.0,0.0,1.0,1.0,0.0,0.0,0.0,1.0,1.0,0.0,1.0,0.0,0.0,0.0,0.0,0.0,0.0,0.0,-0.5,0.0,0.0,1.0,0.0,0.0,0.0,0.0,0.0,0.0,0.0,1.0,1.0,0.0,1.0,0.0,0.0,0.0,0.0,1.0,0.0
16,14956177,14988855,5,-1.0,-1.0,0.0,0.0,0.0,-1.0,0.0,0.0,0.0,0.0,0.0,1.0,0.0,0.0,1.0,0.0,-1.0,-1.0,0.0,0.0,0.0,0.0,0.0,0.0,1.0,1.0,0.0,1.0,0.0,0.0,1.0,1.0,0.0,1.0,-1.0,1.0,0.0,1.0,-1.0,-1.0,-1.0,0.0,1.0,-1.0,1.0,0.0,-1.0,-1.0,0.0,-1.0,-1.0,-1.0,0.0,-1.0,-1.0,-1.0,0.0,1.0,1.0,1.0,0.0,-1.0,-1.0,1.0,0.0,0.0,-1.0,-1.0,1.0,-1.0,0.0,0.0,0.0,-1.0,0.0,-1.0,0.0,0.0,0.0,-1.0,0.0,0.0,-1.0,0.0,1.0,0.0,-1.0,0.0,0.0,0.0,1.0,1.0,-1.0,1.0,-1.0,0.0,-1.0,-1.0,0.0,0.0
16,15039224,33875313,1499,0.0,0.0,0.0,0.0,0.0,0.0,0.0,0.0,0.0,0.0,1.0,1.0,0.0,0.0,0.0,0.0,0.0,1.0,1.0,1.0,1.0,1.0,1.0,0.0,1.0,1.0,0.0,1.0,0.0,1.0,1.0,1.0,1.0,1.0,0.0,1.0,0.0,1.0,0.0,0.0,0.0,0.0,1.0,0.0,1.0,0.0,0.0,1.0,0.0,0.0,0.0,0.0,1.0,0.0,0.0,0.0,0.0,1.0,1.0,1.0,0.0,0.0,1.0,1.0,1.0,0.0,0.0,0.0,1.0,1.0,0.0,0.0,0.0,0.0,0.0,0.0,0.0,0.0,0.0,-1.0,1.0,1.0,0.0,0.0,1.0,0.0,0.0,0.0,0.0,0.0,0.0,1.0,0.0,1.0,0.0,0.0,0.0,0.0,1.0,0.0
16,45058242,54336421,688,1.0,0.0,-1.0,0.0,-1.0,0.0,-1.0,-1.0,0.0,1.0,-1.0,-1.0,0.0,0.0,0.0,1.0,0.0,0.0,-1.0,0.0,0.0,-1.0,0.0,0.0,-1.0,-1.0,0.0,1.5,0.0,0.0,-1.0,0.0,1.0,0.0,1.0,0.0,0.0,1.0,0.0,0.0,0.0,0.0,-1.0,0.0,0.0,0.0,0.0,1.0,0.0,0.0,0.0,0.0,-1.0,0.0,-1.0,0.0,0.0,1.0,1.0,0.0,-1.0,0.0,0.5,0.0,1.0,0.0,0.0,0.0,0.0,0.0,0.0,-1.0,0.0,-1.0,-1.0,0.0,0.0,0.0,0.0,-1.0,2.0,0.0,1.0,0.0,1.0,-1.0,0.0,0.0,-1.0,0.0,0.0,0.0,0.0,0.0,0.0,0.0,0.0,0.0,-1.0,0.0
16,54390012,68679377,1159,1.0,0.0,-1.0,0.0,-1.0,0.0,-1.0,-1.0,0.0,-1.0,-1.0,0.0,0.0,0.0,0.0,0.0,0.0,0.0,-1.0,-1.0,0.0,-1.0,0.0,1.0,-1.0,-1.0,0.0,-1.0,0.0,0.0,-1.0,-0.5,1.0,0.0,-1.0,0.0,0.0,1.0,0.0,0.0,-1.0,0.0,-1.0,0.0,0.0,0.0,0.0,1.0,-1.0,0.0,0.0,-1.0,-1.0,0.0,-1.0,0.0,0.0,-1.0,1.0,0.0,-1.0,0.0,-1.0,0.0,1.0,0.0,0.0,0.0,0.0,0.0,0.0,-1.0,0.0,-1.0,-1.0,0.0,0.0,0.0,-1.0,-1.0,1.0,0.0,1.0,0.0,1.0,-1.0,0.0,0.0,-0.5,0.0,0.0,0.0,1.0,-1.0,0.0,0.0,0.0,0.0,-1.0,0.0
16,68710277,68751390,5,1.0,0.0,-1.0,0.0,-1.0,-1.0,-1.0,-1.0,0.0,-1.0,-1.0,1.0,1.0,-1.0,0.0,0.0,-1.0,-1.0,-1.0,-1.0,-1.0,-1.0,0.0,1.0,-1.0,-1.0,-1.0,-1.0,-1.0,-1.0,-1.0,-1.0,-1.0,0.0,-1.0,0.0,0.0,0.0,-1.0,0.0,-1.0,0.0,-1.0,-1.0,0.0,-1.0,0.0,1.0,-1.0,-1.0,0.0,-1.0,-1.0,0.0,-1.0,0.0,0.0,-1.0,1.0,0.0,-1.0,0.0,-1.0,0.0,1.0,0.0,-1.0,0.0,0.0,-1.0,-1.0,-1.0,-1.0,-1.0,-1.0,0.0,0.0,0.0,-1.0,0.0,2.0,0.0,1.0,0.0,-1.0,-1.0,-1.0,-1.0,0.0,-1.0,0.0,-1.0,1.0,-1.0,-1.0,0.0,-1.0,0.0,-1.0,0.0
16,68838368,69397102,69,1.0,0.0,-1.0,0.0,-1.0,0.0,-1.0,-1.0,0.0,-1.0,-1.0,1.0,1.0,0.0,0.0,0.0,0.0,0.0,-1.0,-1.0,0.0,-1.0,1.0,1.0,-1.0,-1.0,0.0,1.0,0.0,0.0,-1.0,-1.0,0.0,0.0,-1.0,0.0,0.0,1.0,0.0,0.0,-1.0,0.0,-1.0,0.0,0.0,0.0,0.0,1.0,-1.0,0.0,0.0,-1.0,-1.0,0.0,-1.0,0.0,0.0,-1.0,1.0,0.0,-1.0,0.0,-1.0,0.0,1.0,0.0,0.0,0.0,0.0,0.0,0.0,-1.0,0.0,-1.0,-1.0,0.0,0.0,0.0,-1.0,-1.0,1.0,0.0,1.0,0.0,0.0,-1.0,0.0,1.0,0.0,0.0,0.0,0.0,1.0,-1.0,0.0,0.0,-1.0,0.0,-1.0,0.0
17,403833,446414,22,0.0,0.0,-1.0,1.0,0.0,0.0,0.0,-1.0,0.0,1.0,0.0,1.0,-1.0,-1.0,0.0,1.0,-1.0,-1.0,0.0,0.0,0.0,-1.0,1.0,0.0,0.0,-1.0,0.0,0.0,-0.5,0.0,0.0,-1.0,-1.0,-1.0,1.0,0.0,2.0,0.0,0.0,1.0,-1.0,0.0,0.0,-0.5,0.0,0.0,0.0,0.0,-1.0,0.5,-1.0,0.0,0.0,-1.0,-0.5,-1.0,0.0,-1.0,1.0,-1.0,0.0,0.0,0.0,0.0,0.0,0.0,0.0,0.0,-1.0,-0.5,-1.0,0.0,-1.0,0.0,0.0,-1.0,0.0,0.0,0.0,1.0,1.0,0.5,0.0,-1.0,1.0,-1.0,0.0,0.0,0.0,0.0,0.0,0.0,0.0,0.0,1.0,0.0,0.5,0.0,1.0,0.0
17,984101,1003742,7,-1.0,0.0,-1.0,1.0,0.0,0.0,0.0,-1.0,0.0,1.0,-1.0,1.0,-1.0,-1.0,0.0,0.0,-1.0,-1.0,0.0,-1.0,-1.0,-1.0,0.0,-1.0,0.0,-1.0,-1.0,-1.0,-1.0,0.0,0.0,-1.0,-1.0,-1.0,-1.0,0.0,2.0,0.0,0.0,0.0,-1.0,-1.0,-1.0,-1.0,-1.0,-1.0,-1.0,0.0,-1.0,0.0,-1.0,0.0,0.0,-1.0,-1.0,0.0,0.0,-1.0,0.0,-1.0,-1.0,0.0,0.0,0.0,-1.0,-1.0,0.0,-1.0,-1.0,-1.0,-1.0,0.0,-1.0,0.0,0.0,-1.0,0.0,0.0,-1.0,1.0,0.0,0.0,0.0,-1.0,0.0,-1.0,0.0,0.0,-1.0,-1.0,0.0,0.0,0.0,0.0,1.0,0.0,0.0,0.0,1.0,-1.0
17,1542118,1560766,11,-1.0,0.0,-1.0,1.0,0.0,1.0,0.0,-1.0,0.0,1.0,-1.0,1.0,-1.0,-1.0,0.0,0.0,-1.0,-1.0,0.0,-1.0,-1.0,0.0,1.0,-1.0,0.0,-1.0,-1.0,0.0,-1.0,0.0,0.0,-1.0,1.0,-1.0,-1.0,0.0,2.0,0.0,0.0,0.0,-1.0,-1.0,-1.0,0.0,1.0,-1.0,-1.0,0.0,0.0,0.0,-1.0,0.0,0.0,-1.0,0.0,0.0,0.0,-1.0,0.0,-1.0,-1.0,0.0,0.0,0.0,-1.0,-1.0,0.0,-1.0,-1.0,-1.0,-1.0,0.0,-1.0,0.0,0.0,-1.0,0.0,0.0,-1.0,1.0,0.0,0.0,0.0,0.0,0.0,-1.0,0.0,0.0,0.0,-1.0,0.0,0.0,0.0,0.0,1.0,0.0,1.0,0.0,1.0,-1.0
17,1890246,2286311,52,-1.0,-1.0,-1.0,-1.0,0.0,1.0,0.0,-1.0,0.0,-1.0,-1.0,1.0,-1.0,-1.0,0.0,0.0,-1.0,-1.0,0.0,-1.0,-1.0,-1.0,0.0,-1.0,0.0,-1.0,-1.0,-1.0,-1.0,0.0,0.0,-1.0,-1.0,-1.0,-1.0,0.0,-1.0,0.0,0.0,0.0,-1.0,-1.0,-1.0,-1.0,-1.0,-1.0,-1.0,0.0,0.0,0.0,-1.0,0.0,0.0,-1.0,-1.0,0.0,0.0,-1.0,0.0,-1.0,-1.0,0.0,0.0,0.0,-1.0,-1.0,0.0,-1.0,-1.0,-1.0,-1.0,-1.0,-1.0,0.0,0.0,-1.0,0.0,0.0,-1.0,1.0,0.0,0.0,0.0,0.0,0.0,-1.0,0.0,0.0,-1.0,-1.0,0.0,0.0,0.0,0.0,0.0,0.0,0.0,0.0,1.0,-1.0
17,2361350,18868037,1622,-1.0,-1.0,-1.0,-1.0,0.0,-1.0,0.0,-1.0,0.0,-1.0,-1.0,0.0,-1.0,-1.0,0.0,0.0,-1.0,-1.0,0.0,-1.0,-1.0,-1.0,0.0,-1.0,0.0,-1.0,-1.0,-1.0,-1.0,0.0,0.0,-1.0,-1.0,-1.0,-1.0,0.0,-1.0,0.0,0.0,0.0,-1.0,-1.0,-1.0,-1.0,-1.0,-1.0,-1.0,-1.0,1.0,-1.0,-1.0,0.0,0.0,-1.0,-1.0,0.0,0.0,-1.0,0.0,-1.0,-1.0,0.0,-1.0,0.0,-1.0,-1.0,0.0,-1.0,-1.0,-1.0,-1.0,-1.0,-1.0,0.0,0.0,-1.0,0.0,0.0,-1.0,1.0,0.0,0.0,0.0,-1.0,0.0,-1.0,-1.0,0.0,-1.0,-1.0,0.0,0.0,0.0,0.0,0.0,0.0,-1.0,0.0,1.0,-1.0
17,35076296,35282086,29,2.0,0.0,-1.0,0.0,0.0,-1.0,2.0,2.0,0.0,2.0,0.0,0.0,2.0,2.0,0.0,0.0,1.0,2.0,0.0,-1.0,-1.0,2.0,0.0,2.0,0.0,2.0,2.0,1.0,2.0,0.0,0.0,2.0,-1.0,2.0,1.0,0.0,-1.0,0.0,0.0,2.0,0.0,-1.0,-1.0,-1.0,0.0,0.0,2.0,2.0,1.0,0.0,2.0,0.0,0.0,-1.0,-1.0,1.0,2.0,2.0,0.0,1.0,2.0,0.0,-1.0,2.0,1.0,2.0,0.0,2.0,2.0,0.0,2.0,2.0,1.0,0.0,0.0,-1.0,2.0,0.0,0.0,0.0,0.0,0.0,0.0,-1.0,2.0,2.0,0.0,0.0,0.0,-1.0,0.0,0.0,0.0,0.0,0.0,2.0,0.0,0.0,1.0,2.0
17,35444422,40926154,720,-1.0,1.0,-1.0,0.0,0.0,-1.0,1.0,-1.0,0.0,0.0,0.0,0.0,-1.0,-1.0,0.0,1.0,1.0,-1.0,0.0,-1.0,-1.0,-1.0,0.0,-1.0,0.0,0.0,0.0,1.0,0.0,0.0,0.0,0.0,-1.0,-0.5,1.0,0.0,-1.0,0.0,0.0,0.0,-1.0,-1.0,-1.0,-1.0,0.0,0.0,-1.0,-1.0,1.0,0.0,-1.0,0.0,0.0,-1.0,-1.0,-1.0,0.0,-1.0,0.0,1.0,0.0,0.0,-1.0,1.0,1.0,-1.0,0.0,0.5,-1.0,1.0,-1.0,-1.0,-1.0,0.0,0.0,-1.0,0.0,0.0,0.0,0.0,0.0,0.0,0.0,-1.0,0.0,-1.0,0.0,0.0,0.0,0.0,0.0,0.0,0.0,0.0,0.0,-1.0,0.0,0.0,1.0,-1.0
17,41011530,41494331,46,-1.0,0.0,0.0,1.0,0.0,-1.0,-1.0,-1.0,0.0,-1.0,0.0,1.0,-1.0,-1.0,0.0,1.0,1.0,-1.0,0.0,0.0,-1.0,-1.0,0.0,-1.0,0.0,-1.0,-1.0,1.0,0.0,0.0,0.0,0.0,-1.0,-1.0,1.0,0.0,-1.0,0.0,0.0,0.0,-1.0,-1.0,-1.0,0.0,0.0,0.0,-1.0,-1.0,1.0,0.0,-1.0,0.0,0.0,-1.0,-1.0,0.0,0.0,-1.0,0.0,1.0,0.0,0.0,-1.0,1.0,1.0,-1.0,0.0,-1.0,-1.0,-1.0,-1.0,-1.0,0.0,0.0,0.0,-1.0,0.0,0.0,0.0,0.0,0.0,0.0,0.0,-1.0,0.0,-1.0,0.0,0.0,0.0,0.0,0.0,0.0,0.0,0.0,0.0,-1.0,0.0,0.0,1.0,-1.0
17,41983407,42049540,2,-1.0,1.0,0.0,0.0,0.0,-1.0,1.0,-1.0,0.0,-1.0,1.0,1.0,-1.0,-1.0,0.0,2.0,1.0,-1.0,-1.0,0.0,-1.0,-1.0,0.0,-1.0,0.0,-1.0,-1.0,1.0,0.0,0.0,0.0,0.0,-1.0,-1.0,1.0,0.0,-1.0,0.0,0.0,0.0,-1.0,-1.0,-1.0,0.0,0.0,1.0,-1.0,0.0,1.0,0.0,1.0,0.0,0.0,1.0,-1.0,1.0,0.0,1.0,0.0,1.0,-1.0,0.0,-1.0,1.0,1.0,-1.0,0.0,-1.0,-1.0,-1.0,1.0,1.0,-1.0,0.0,0.0,-1.0,0.0,0.0,0.0,0.0,-1.0,0.0,0.0,-1.0,0.0,-1.0,0.0,1.0,1.0,0.0,1.0,0.0,2.0,0.0,0.0,0.0,0.0,0.0,1.0,-1.0
17,42161364,42873571,79,-1.0,0.0,0.0,1.0,0.0,-1.0,-1.0,-1.0,0.0,-1.0,1.0,1.0,-1.0,-1.0,0.0,1.0,1.0,-1.0,0.0,0.0,-1.0,-1.0,0.0,-1.0,0.0,-1.0,-1.0,1.0,0.0,0.0,0.0,-1.0,-1.0,-1.0,1.0,0.0,-1.0,0.0,0.0,0.0,-1.0,-1.0,-1.0,0.0,0.0,0.0,-1.0,-1.0,0.0,0.0,0.0,0.0,0.0,1.0,-1.0,1.0,0.0,-1.0,0.0,1.0,0.0,0.0,-1.0,1.0,1.0,-1.0,0.0,-1.0,-1.0,-1.0,-1.0,1.0,0.0,0.0,0.0,-1.0,0.0,0.0,0.0,0.0,0.0,0.0,0.0,-1.0,0.0,-1.0,0.0,0.0,0.0,0.0,0.0,0.0,0.0,0.0,0.0,-1.0,0.0,0.0,1.0,-1.0
17,77442683,77503685,5,0.0,0.0,-1.0,2.0,-1.0,0.0,0.0,0.0,0.0,1.0,0.0,1.5,-1.0,-1.0,0.0,1.0,0.0,0.0,0.0,0.0,1.0,-1.0,2.0,0.0,0.0,0.5,0.0,0.5,0.0,0.5,0.0,0.0,1.0,-1.0,1.0,1.0,0.0,2.0,0.0,1.0,1.0,1.0,1.0,1.0,1.0,1.0,1.0,0.0,0.0,2.0,-1.0,0.0,0.0,-1.0,1.0,-1.0,0.0,-1.0,1.0,1.0,1.0,2.0,1.0,1.0,1.0,0.0,0.0,0.5,0.0,1.0,-1.0,-1.0,-1.0,0.0,0.0,0.0,-1.0,0.0,0.0,0.0,1.0,0.0,0.0,-0.5,1.0,0.0,0.0,0.0,1.0,0.0,0.0,0.0,0.0,0.0,0.0,0.0,1.0,1.0,1.0,-1.0
17,77535412,78653545,148,0.0,0.0,-1.0,2.0,0.0,0.0,0.0,-1.0,0.0,1.0,0.0,1.0,-1.0,-1.0,0.0,1.0,0.0,0.0,0.0,0.0,1.0,-1.0,1.0,0.0,0.0,-1.0,0.0,1.0,0.0,0.0,0.0,0.0,-1.0,-1.0,1.0,0.0,0.0,0.0,0.0,1.0,0.0,0.0,0.5,1.0,1.0,0.0,1.0,0.0,0.0,1.0,-1.0,0.0,0.0,-1.0,1.0,-1.0,0.0,-1.0,1.0,-1.0,1.0,0.0,1.0,1.0,1.0,0.0,0.0,1.0,0.0,1.0,-1.0,0.0,-1.0,0.0,0.0,1.0,0.0,0.0,0.0,0.0,1.0,1.0,0.0,-1.0,1.0,0.0,0.0,0.0,1.0,0.0,0.0,0.0,0.5,0.0,2.0,-0.5,1.0,0.0,1.0,0.0
19,3363749,20383210,1974,0.0,-1.0,-1.0,0.0,0.0,0.0,0.0,0.0,0.0,0.0,0.0,1.0,0.0,0.0,1.0,1.0,-1.0,0.0,0.0,0.0,0.0,0.0,1.0,0.0,0.0,-1.0,0.0,-1.0,0.0,1.0,1.0,0.0,0.0,0.0,0.0,1.0,-1.0,0.0,0.0,0.0,0.0,0.0,-1.0,0.0,0.0,0.0,1.0,0.0,0.0,0.0,1.0,0.0,0.0,0.0,-1.0,0.0,0.0,0.0,1.0,0.0,0.0,0.0,0.0,0.0,0.0,-1.0,0.0,0.0,0.0,0.0,0.0,0.0,0.0,0.0,0.0,-1.0,0.0,0.0,0.0,0.0,1.0,1.0,1.0,0.0,0.0,-1.0,0.0,0.0,0.0,0.0,0.0,0.0,0.0,0.0,1.0,-1.0,-1.0,0.0,0.0,0.0
19,20422576,20493401,5,-1.0,-1.0,-1.0,0.0,0.0,-1.0,0.0,0.0,0.0,0.0,0.0,1.0,-1.0,0.0,1.0,1.0,0.0,-1.0,-1.0,0.0,0.0,-1.0,1.0,0.0,0.0,-1.0,0.0,-1.0,0.0,1.0,1.0,0.0,0.0,-1.0,-1.0,1.0,-1.0,0.0,0.0,1.0,0.0,0.0,-1.0,0.0,0.0,0.0,1.0,-1.0,0.0,0.0,-1.0,0.0,0.0,0.0,0.0,0.0,0.0,0.0,1.0,0.0,0.0,0.0,0.0,1.0,-1.0,-1.0,0.0,0.0,0.0,-1.0,0.0,0.0,0.0,0.0,0.0,-1.0,-1.0,-1.0,0.0,1.0,1.0,1.0,0.0,0.0,0.0,-1.0,-1.0,1.0,-1.0,0.0,-1.0,0.0,0.0,0.0,1.0,1.0,-1.0,0.0,0.0,0.0
19,56816785,56859204,5,0.0,-1.0,0.0,0.0,0.0,0.0,0.0,-1.0,0.0,1.0,0.0,1.0,-1.0,-1.0,1.0,2.0,0.0,0.0,-1.0,0.0,0.0,1.0,0.0,-1.0,0.0,1.0,0.0,0.0,1.0,1.0,1.0,0.0,1.0,1.0,0.0,1.0,-1.0,0.0,0.0,0.0,1.0,0.0,-1.0,0.0,0.0,0.0,-1.0,-1.0,-1.0,-1.0,0.0,-1.0,0.0,0.0,0.0,0.0,0.0,0.0,1.0,0.0,0.0,0.0,0.0,-1.0,-1.0,0.0,-1.0,0.0,0.0,0.0,0.0,0.0,-1.0,1.0,0.0,0.0,0.0,0.0,0.0,0.0,1.0,0.0,0.0,-1.0,0.0,0.0,0.0,-1.0,0.0,0.0,0.0,0.0,0.0,-1.0,1.0,-1.0,1.0,0.0,0.0,0.0
20,8747,12478772,1123,0.0,0.0,0.0,0.0,0.0,1.0,0.0,-1.0,0.0,1.0,1.0,0.0,-1.0,-1.0,1.0,1.0,0.0,0.0,0.0,0.0,0.0,0.0,1.0,0.0,0.0,1.0,0.0,0.0,0.0,1.0,1.0,0.0,-1.0,1.0,0.0,1.0,0.0,-1.0,0.0,0.0,0.0,-1.0,0.0,-1.0,0.0,-1.0,-1.0,1.0,0.0,0.0,1.0,0.0,0.0,0.0,0.0,1.0,0.0,0.0,1.0,1.0,0.0,0.0,0.0,1.0,1.0,0.0,0.0,-1.0,0.0,1.0,-1.0,0.0,1.0,0.0,0.0,0.0,1.0,0.0,0.0,0.0,1.0,0.0,1.0,0.0,0.0,0.0,-1.0,-1.0,-1.0,0.0,-1.0,0.0,0.0,0.0,0.0,0.0,0.0,0.0,1.0,-1.0
20,29306447,40052114,1040,1.0,1.0,0.0,0.0,0.0,0.0,0.0,1.0,0.0,1.0,1.0,1.0,0.0,0.0,1.0,1.0,0.0,0.0,0.0,0.0,0.0,0.0,1.0,0.0,0.0,1.0,0.0,0.0,0.0,1.0,1.0,0.0,0.0,1.0,1.0,1.0,0.0,-1.0,0.0,0.0,0.0,0.0,0.0,-1.0,0.0,-1.0,2.0,0.0,0.0,0.0,1.0,0.0,0.0,0.0,0.0,1.0,0.0,0.0,1.0,1.0,0.0,0.0,0.0,1.0,1.0,0.0,0.0,0.0,1.0,0.0,1.0,0.0,1.0,0.0,0.0,0.0,1.0,0.0,0.0,-1.0,0.0,0.0,1.0,0.0,0.0,0.0,0.0,0.0,0.0,0.0,1.0,0.0,1.0,0.0,0.0,0.0,1.0,0.0,1.0,0.0
21,13334960,13435755,4,0.0,0.0,0.0,0.0,0.0,-1.0,0.0,0.0,0.0,0.0,0.0,0.0,-1.0,0.0,0.0,0.0,0.0,0.0,0.0,0.0,0.0,0.0,0.0,0.0,0.0,0.0,0.0,0.0,0.0,0.0,0.0,0.0,0.0,0.0,0.0,0.0,0.0,0.0,0.0,0.0,0.0,0.0,-1.0,0.0,0.0,0.0,1.0,1.0,0.0,0.0,0.0,0.0,0.0,0.0,-1.0,0.0,0.0,0.0,1.0,0.0,0.0,0.0,0.0,1.0,0.0,0.0,0.0,0.0,0.0,0.0,0.0,0.0,0.0,0.0,0.0,0.0,0.0,0.0,0.0,0.0,0.0,0.0,0.0,0.0,0.0,0.0,0.0,0.0,0.0,0.0,0.0,0.0,0.0,0.0,0.0,0.0,0.0,0.0,0.0,0.0
22,15433500,22665928,811,0.0,0.0,0.0,0.0,0.0,-1.0,0.0,-1.0,0.0,1.0,-1.0,1.0,0.0,-1.0,1.0,1.0,0.0,0.0,0.0,-1.0,0.0,-1.0,0.0,0.0,0.0,0.0,0.0,0.0,0.0,0.0,-1.0,0.0,-1.0,0.0,0.0,0.0,-1.0,-1.0,0.0,0.0,-1.0,0.0,-1.0,0.0,0.0,-1.0,0.0,-1.0,-1.0,0.0,1.0,0.0,0.0,0.0,0.0,0.0,0.0,0.0,0.0,0.0,0.0,0.0,0.0,1.0,-1.0,0.0,-1.0,0.0,0.0,0.0,0.0,0.0,-1.0,0.0,0.0,-1.0,0.0,0.0,0.0,0.0,1.0,0.0,1.0,-1.0,0.0,0.0,0.0,0.0,0.0,-1.0,0.0,0.0,0.0,-1.0,0.0,-1.0,0.0,0.0,-1.0,0.0
22,24263116,37678070,1597,0.0,0.0,0.0,1.0,0.0,-1.0,0.0,0.0,0.0,1.0,-1.0,1.0,0.0,-1.0,1.0,1.0,-1.0,0.0,0.0,-1.0,0.0,-1.0,0.0,0.0,0.0,0.0,0.0,0.0,0.0,0.0,-1.0,0.0,-1.0,0.0,-1.0,0.0,-1.0,-1.0,0.0,0.0,0.0,-1.0,-1.0,1.0,0.0,-1.0,0.0,-1.0,0.0,0.0,-1.0,0.0,0.0,1.0,0.0,0.0,0.0,0.0,1.0,0.0,0.0,0.0,0.0,1.0,-1.0,0.0,-1.0,-1.0,0.0,0.0,0.0,0.0,0.0,0.0,0.0,-1.0,0.0,0.0,0.0,0.0,1.0,0.0,1.0,-1.0,1.0,0.0,0.0,0.0,1.0,-1.0,0.0,0.0,1.0,-1.0,1.0,-1.0,0.0,0.0,-1.0,0.0
22,37683612,37705310,5,0.0,-1.0,0.0,0.0,-1.0,-1.0,0.0,-1.0,0.0,-1.0,-1.0,1.0,-1.0,-1.0,-1.0,1.0,-1.0,-1.0,-1.0,-1.0,-1.0,-1.0,1.0,0.0,-1.0,0.0,-1.0,0.0,0.0,0.0,-1.0,0.0,-1.0,0.0,-1.0,0.0,-1.0,0.0,-1.0,-1.0,-1.0,-1.0,-1.0,0.0,-1.0,-1.0,-1.0,-1.0,0.0,-1.0,-1.0,-1.0,-1.0,0.0,-1.0,-1.0,0.0,-1.0,-1.0,0.0,0.0,-1.0,0.0,1.0,-1.0,0.0,-1.0,-1.0,0.0,-1.0,0.0,0.0,0.0,-1.0,-1.0,-1.0,0.0,0.0,-1.0,-1.0,-1.0,0.0,-1.0,-1.0,1.0,-1.0,-1.0,0.0,1.0,-1.0,0.0,0.0,-1.0,-1.0,-1.0,-1.0,0.0,-1.0,-1.0,0.0
22,37717564,49509094,1458,0.0,0.0,0.0,0.0,0.0,-1.0,-1.0,-1.0,0.0,1.0,-1.0,1.0,0.0,-1.0,1.0,1.0,-1.0,0.0,0.0,-1.0,1.0,-1.0,0.0,0.0,0.0,0.0,0.0,-1.0,0.0,0.0,-1.0,0.0,-1.0,0.0,-1.0,0.0,-1.0,0.0,0.0,0.0,0.0,-1.0,-1.0,0.0,0.0,-1.0,0.0,-1.0,0.0,0.0,-1.0,0.0,0.0,0.0,0.0,-1.0,0.0,0.0,1.0,0.0,0.0,0.0,0.0,1.0,-1.0,0.0,-1.0,-1.0,0.0,0.0,0.0,0.0,-1.0,0.0,0.0,-1.0,0.0,0.0,-1.0,-1.0,1.0,1.0,1.0,-1.0,1.0,0.0,-1.0,0.0,1.0,-1.0,0.0,0.0,1.0,-1.0,0.0,-1.0,0.0,0.0,-1.0,0.0
23,3229,45135,5,0.0,1.0,0.0,-1.0,0.0,-1.0,0.0,0.0,1.0,0.0,1.0,1.0,1.0,0.0,0.0,1.0,0.0,-1.0,-1.0,0.0,1.0,-1.0,1.0,-1.0,-1.0,1.0,1.0,1.0,0.0,1.0,1.0,0.0,0.0,0.0,0.0,1.0,1.0,0.0,1.0,0.0,0.0,-1.0,0.0,1.0,0.0,1.0,1.0,1.0,-1.0,1.0,1.0,0.0,-1.0,0.0,1.0,1.0,1.0,0.0,1.0,0.0,1.0,0.0,0.0,0.0,1.0,0.0,0.0,0.0,0.0,-1.0,0.0,0.0,-1.0,0.0,0.0,-1.0,0.0,0.0,0.0,-1.0,1.0,0.0,1.0,0.0,1.0,0.0,0.0,1.0,1.0,0.0,0.0,0.0,1.0,1.0,1.0,1.0,-1.0,0.0,0.0,1.0
23,90837054,91203848,17,0.5,0.0,1.0,1.0,1.0,1.0,1.0,0.0,1.0,1.0,1.0,1.0,1.0,0.0,1.0,1.0,1.0,1.0,1.0,1.0,2.0,1.0,1.0,1.0,1.0,1.0,1.0,1.0,0.5,1.0,1.0,1.0,1.0,1.0,1.0,1.0,2.0,1.0,1.0,1.0,1.0,1.0,1.0,1.0,1.0,1.0,1.0,1.0,0.0,1.0,1.0,1.0,1.0,0.0,1.0,1.0,1.0,1.0,1.0,1.0,1.0,1.0,2.0,2.0,1.0,1.0,1.0,1.0,1.0,1.0,0.0,1.0,-1.0,1.0,1.0,0.0,1.0,1.0,1.0,0.0,1.0,1.0,1.0,0.0,1.0,1.0,-1.0,1.0,1.0,0.0,1.0,1.0,1.0,1.0,2.0,1.0,0.0,1.0,1.0,1.0
