feature_name,stage1_kw_score,stage1_selected,stage2_score,stage2_selected
chr16_68838368_69397102,0.010336,False,0.430739,True
chr12_36739877_67332062,0.360221,False,0.349925,True
chr6_32766023_91964331,0.212047,False,0.326442,True
chr15_32523241_32594902,0.021265,False,0.272119,True
chr12_67337260_132389367,0.021048,False,0.224366,True
chr1_199087690_199111062,0.37376,False,0.194616,False
chr1_149369522_149394958,2.589387,False,0.188044,False
chr19_56816785_56859204,0.44676,False,0.176132,False
chr20_29306447_40052114,0.839143,False,0.144853,False
chr20_8747_12478772,0.503791,False,0.143608,False
chr3_196908262_196937230,7.517205,False,0.141827,False
chr5_69274433_96603723,11.721003,False,0.134186,False
chr23_3229_45135,0.082343,False,0.126664,False
chr6_32732764_32738443,0.733237,False,0.113607,False
chr22_37717564_49509094,0.029657,False,0.094836,False
chr15_22163893_32511475,1.16017,False,0.088045,False
chr16_15039224_33875313,0.010763,False,0.0843,False
chr14_105602756_105630089,0.38105,False,0.075692,False
chr1_149579637_149598429,0.826416,False,0.069712,False
chr16_68710277_68751390,0.391507,False,0.065946,False
chr5_49619946_68850823,4.992964,False,0.05424,False
chr22_15270151_15403609,0.200206,False,0.053359,False
chr17_77535412_78653545,6.419499,False,0.050851,False
chr1_3149648_3157982,2.354799,False,0.040286,False
chr15_53166_592121,2.637398,False,0.034809,False
chr11_89400624_134432265,0.087973,False,0.034701,False
chr15_18657388_18683110,0.34542,False,0.016878,False
chr1_193480150_193527058,0.079206,False,0.005515,False
chr17_10999_390571,13.474331,False,0.0,False
chr16_69763173_88690571,0.028938,False,0.0,False
chr16_69417987_69744010,1.563761,False,0.0,False
chr16_54354643_54379834,0.083375,False,0.0,False
chr17_403833_446414,12.637857,False,0.0,False
chr17_451258_461603,14.970362,True,0.0,False
chr17_465054_974692,13.478552,False,0.0,False
chr17_984101_1003742,13.262191,False,0.0,False
chr17_1008443_1536140,13.478552,False,0.0,False
chr17_1542118_1560766,15.958355,True,0.0,False
chr17_1562322_1703117,13.478552,False,0.0,False
chr17_1703729_1713758,9.147982,False,0.0,False
chr17_1718892_1845756,14.581876,False,0.0,False
chr17_1859252_1859812,0.727632,False,0.0,False
chr17_1860983_1881747,2.605904,False,0.0,False
chr17_1890246_2286311,14.581876,False,0.0,False
chr17_2286862_2330659,1.630118,False,0.0,False
chr17_2333732_2343255,8.154165,False,0.0,False
chr16_54390012_68679377,0.258387,False,0.0,False
chr12_9528590_9585156,0.013947,False,0.0,False
chr12_9633884_10453531,0.44894,False,0.0,False
chr12_10464018_10484956,0.226833,False,0.0,False
chr12_10497371_11375835,0.44894,False,0.0,False
chr12_11404653_11430887,0.2038,False,0.0,False
chr12_11466807_34647417,0.001363,False,0.0,False
chr12_36160215_36244407,0.23048,False,0.0,False
chr13_5179_123882,1.348678,False,0.0,False
chr13_18194527_18354969,1.571504,False,0.0,False
chr13_18402053_56673183,1.764558,False,0.0,False
chr13_56770498_114123862,0.072123,False,0.0,False
chr14_18149473_19216369,0.01579,False,0.0,False
chr14_19268776_19490630,0.529162,False,0.0,False
chr14_19505698_22000194,0.058989,False,0.0,False
chr15_32605086_100282819,1.198584,False,0.0,False
chr14_73071404_73092018,0.006962,False,0.0,False
chr14_73106558_105584008,0.293618,False,0.0,False
chr14_105654998_105839439,0.367599,False,0.0,False
chr14_105857193_105881279,0.290631,False,0.0,False
chr14_105907191_106349756,0.054779,False,0.0,False
chr15_739595_18454050,0.582463,False,0.0,False
chr15_18722595_20060061,0.324074,False,0.0,False
chr15_20307869_21982746,1.713977,False,0.0,False
chr15_22038880_22138119,1.191023,False,0.0,False
chr17_2361350_18868037,12.545611,False,0.0,False
chr16_28087_14817706,0.727803,False,0.0,False
chr16_14956177_14988855,0.186774,False,0.0,False
chr16_34095229_34976429,0.00584,False,0.0,False
chr16_45058242_54336421,0.261728,False,0.0,False
chr14_22022060_73047267,0.259187,False,0.0,False
chr23_91234699_91344716,1.917684,False,0.0,False
chr23_91365063_92103804,0.795147,False,0.0,False
chr23_92209094_152935130,0.768279,False,0.0,False
chr1_2611444_2645074,0.163916,False,0.0,False
chr1_37599215_72473289,1.624255,False,0.0,False
chr1_72489681_72620747,1.240867,False,0.0,False
chr1_72661597_109968401,0.006047,False,0.0,False
chr1_109987805_120232261,0.166265,False,0.0,False
chr1_120313797_120737345,0.648127,False,0.0,False
chr1_120761983_120923696,0.114071,False,0.0,False
chr1_141474904_145716245,1.411924,False,0.0,False
chr1_1738295_2580342,0.096352,False,0.0,False
chr1_146661770_149362629,0.136653,False,0.0,False
chr1_149403519_149573806,1.035186,False,0.0,False
chr1_149604744_158365270,0.476355,False,0.0,False
chr17_27364248_27450834,0.311872,False,0.0,False
chr1_186293872_193443252,0.279037,False,0.0,False
chr1_193556792_199054142,0.046268,False,0.0,False
chr1_199135441_244676774,0.010569,False,0.0,False
chr1_244693374_245014643,1.417334,False,0.0,False
chr1_245054641_245121447,0.301308,False,0.0,False
chr1_245134410_245433846,1.222427,False,0.0,False
chr2_712_125634,0.321286,False,0.0,False
chr2_143031_8963807,0.129799,False,0.0,False
chr2_8972669_89953713,0.717931,False,0.0,False
chr2_91057159_91321476,0.839242,False,0.0,False
chr2_91494116_130410215,0.722661,False,0.0,False
chr2_130427665_130453073,0.615608,False,0.0,False
chr2_130458581_131785093,0.037738,False,0.0,False
chr2_131792734_131931782,0.375119,False,0.0,False
chr2_131945577_132196569,0.350857,False,0.0,False
chr1_158378189_186274119,0.063491,False,0.0,False
chr17_19083766_20521986,9.254931,False,0.0,False
chr17_20569693_20596699,2.200326,False,0.0,False
chr17_20618474_21442476,10.048392,False,0.0,False
chr17_21627596_22142513,5.709752,False,0.0,False
chr17_22315936_22324326,0.004828,False,0.0,False
chr17_22399576_27351012,1.170419,False,0.0,False
chr12_435020_9432943,0.150925,False,0.0,False
chr17_27463558_35067992,3.574661,False,0.0,False
chr21_14294323_14314039,1.329966,False,0.0,False
chr21_14334542_46914686,1.583501,False,0.0,False
chr22_134662_241255,0.500241,False,0.0,False
chr22_246150_15013982,0.39245,False,0.0,False
chr22_15433500_22665928,0.909499,False,0.0,False
chr22_22672513_22714749,0.970135,False,0.0,False
chr1_471671_1590570,0.000184,False,0.0,False
chr23_90837054_91203848,0.168012,False,0.0,False
chr23_89001120_90763396,1.027877,False,0.0,False
chr23_88434081_88986061,0.034986,False,0.0,False
chr23_66527817_88259698,0.027693,False,0.0,False
chr23_52844235_66511655,0.096529,False,0.0,False
chr23_52775986_52832444,0.043305,False,0.0,False
chr23_26666781_52769796,0.820329,False,0.0,False
chr23_26537079_26627128,3.032539,False,0.0,False
chr22_24263116_37678070,0.004908,False,0.0,False
chr23_2702388_2969155,1.393072,False,0.0,False
chr23_1672003_1706462,0.146123,False,0.0,False
chr23_959048_1398694,0.504409,False,0.0,False
chr23_422315_524509,0.003248,False,0.0,False
chr23_354639_385792,0.003361,False,0.0,False
chr23_268930_343473,0.162088,False,0.0,False
chr23_96116_214107,0.169243,False,0.0,False
chr22_37683612_37705310,0.13414,False,0.0,False
chr23_2979705_26516197,0.160749,False,0.0,False
chr19_20422576_20493401,0.943624,False,0.0,False
chr19_20552279_24157855,1.005251,False,0.0,False
chr19_32545047_34430432,1.683876,False,0.0,False
chr19_34467144_56795493,1.150364,False,0.0,False
chr19_56864309_63784327,0.194424,False,0.0,False
chr20_12495273_28266113,0.526175,False,0.0,False
chr20_40075620_62379059,2.752738,False,0.0,False
chr21_9896630_10198129,2.687254,False,0.0,False
chr21_13334960_13435755,1.032988,False,0.0,False
chr21_13461550_13635227,0.085328,False,0.0,False
chr1_1676445_1703748,0.017069,False,0.0,False
chr2_132327604_132947789,0.001506,False,0.0,False
chr2_132974227_231853847,2.172502,False,0.0,False
chr2_231862922_242784096,0.578853,False,0.0,False
chr3_39066_478718,4.936928,False,0.0,False
chr11_70519863_70552702,0.000523,False,0.0,False
chr3_586636_75535753,1.650777,False,0.0,False
chr3_75546791_75799957,0.752966,False,0.0,False
chr3_75845446_90391698,2.729136,False,0.0,False
chr3_95043863_126884366,7.913248,False,0.0,False
chr3_127015333_163987465,5.249749,False,0.0,False
chr3_163997236_164023510,0.221786,False,0.0,False
chr3_164038925_164101784,3.4462,False,0.0,False
chr3_164112881_193467200,4.443693,False,0.0,False
chr3_193476462_196656506,7.139001,False,0.0,False
chr3_196947293_199383479,9.595392,False,0.0,False
chr4_5224_49422736,3.125989,False,0.0,False
chr4_52530029_69042487,0.618953,False,0.0,False
chr4_69215734_69311985,0.013191,False,0.0,False
chr4_69789443_70305861,0.097142,False,0.0,False
chr4_70334625_74719357,0.102251,False,0.0,False
chr3_515536_574415,6.203157,False,0.0,False
chr1_2870100_2901629,0.000126,False,0.0,False
chr1_2903052_3112977,2.043849,False,0.0,False
chr1_3125822_3137481,0.610627,False,0.0,False
chr1_3166706_16531740,2.217544,False,0.0,False
chr1_16551324_16997273,2.640699,False,0.0,False
chr1_17030134_22668805,2.32081,False,0.0,False
chr1_22674759_25318800,2.314548,False,0.0,False
chr1_25354765_34166798,3.383798,False,0.0,False
chr1_34172947_37578554,0.105698,False,0.0,False
chr17_42975134_43019545,1.602506,False,0.0,False
chr2_132210961_132323628,0.268624,False,0.0,False
chr22_22725750_24228038,0.079669,False,0.0,False
chr21_13660680_14258259,1.950617,False,0.0,False
chr1_145820605_146634734,0.5213,False,0.0,False
chr23_152994680_154492924,0.000184,False,0.0,False
chr19_3363749_20383210,0.578411,False,0.0,False
chr19_239700_3342864,0.344548,False,0.0,False
chr19_232836_236846,0.008134,False,0.0,False
chr19_8246_232080,0.474224,False,0.0,False
chr18_4316_76110964,6.769914,False,0.0,False
chr17_77442683_77503685,6.169048,False,0.0,False
chr17_60360566_77432294,1.786162,False,0.0,False
chr17_60204302_60347930,0.823994,False,0.0,False
chr1_2927_372295,1.030533,False,0.0,False
chr1_2664285_2665530,0.00662,False,0.0,False
chr17_42161364_42873571,35.810214,True,0.0,False
chr17_41983407_42049540,10.777636,False,0.0,False
chr17_41527705_41706870,2.991377,False,0.0,False
chr17_41011530_41494331,36.009303,True,0.0,False
chr17_35444422_40926154,12.242216,False,0.0,False
chr17_35286565_35427554,0.259274,False,0.0,False
chr17_35076296_35282086,60.70936,True,0.0,False
chr17_43036086_60196060,2.520199,False,0.0,False
chr8_12511855_16315130,8.067152,False,0.0,False
chr8_16373516_28182114,10.152855,False,0.0,False
chr8_28208003_35676140,6.483268,False,0.0,False
chr8_35694285_39333915,3.430726,False,0.0,False
chr8_39356595_39505256,0.357108,False,0.0,False
chr8_39535655_43515874,2.873544,False,0.0,False
chr8_47575650_146264846,0.794701,False,0.0,False
chr9_153131_40520747,1.154934,False,0.0,False
chr9_42913008_110081531,0.166557,False,0.0,False
chr9_110086022_110108926,0.012131,False,0.0,False
chr9_110114139_138397892,2.515437,False,0.0,False
chr10_115544_38563575,0.855633,False,0.0,False
chr10_38596435_42057554,0.656143,False,0.0,False
chr10_42150759_46371243,0.895066,False,0.0,False
chr10_46396163_135395562,0.410236,False,0.0,False
chr4_74730754_93211181,0.285211,False,0.0,False
chr12_412868_427816,0.071104,False,0.0,False
chr12_33854_397918,0.056004,False,0.0,False
chr11_70562838_89296560,0.235119,False,0.0,False
chr1_2672694_2856899,0.085848,False,0.0,False
chr11_68972488_70505018,0.874104,False,0.0,False
chr11_68740184_68943548,0.292513,False,0.0,False
chr11_58634869_68684682,1.582164,False,0.0,False
chr11_182372_5733442,0.880797,False,0.0,False
chr11_55225136_56294614,0.037472,False,0.0,False
chr11_55200744_55207305,0.089314,False,0.0,False
chr11_55124730_55194990,1.763799,False,0.0,False
chr11_51244499_55118214,0.063526,False,0.0,False
chr11_7803570_50337734,0.079778,False,0.0,False
chr11_7762277_7797993,0.030009,False,0.0,False
chr11_5777496_7757329,0.61337,False,0.0,False
chr11_5742476_5762182,0.004839,False,0.0,False
chr11_56304321_58626432,0.031435,False,0.0,False
chr4_93240865_190844427,0.360862,False,0.0,False
chr4_190887518_191165971,1.984866,False,0.0,False
chr4_191191940_191311992,0.033926,False,0.0,False
chr5_75149_745859,3.434871,False,0.0,False
chr5_763494_878290,8.851293,False,0.0,False
chr5_916822_21966989,0.401645,False,0.0,False
chr5_21979223_32203336,0.068203,False,0.0,False
chr5_32209048_45938397,0.251613,False,0.0,False
chr5_96637773_180644810,2.957163,False,0.0,False
chr6_5839_154410,1.59024,False,0.0,False
chr6_204528_634345,0.45077,False,0.0,False
chr6_655129_1435871,0.178512,False,0.0,False
chr6_1436117_1512043,1.323249,False,0.0,False
chr6_1535319_30010234,0.035726,False,0.0,False
chr6_30021894_32519935,1.622844,False,0.0,False
chr8_8148437_12448374,5.938452,False,0.0,False
chr8_7040596_8132139,4.012103,False,0.0,False
chr8_166452_6907624,9.314456,False,0.0,False
chr8_63810_90816,8.738249,False,0.0,False
chr7_143526118_158617983,2.213858,False,0.0,False
chr7_143321677_143391065,1.535477,False,0.0,False
chr7_141989305_143302267,0.142065,False,0.0,False
chr7_141965869_141978333,0.018914,False,0.0,False
chr6_32586131_32600962,0.203239,False,0.0,False
chr7_141259727_141549648,0.042814,False,0.0,False
chr7_141214728_141245219,3.439742,False,0.0,False
chr7_61474815_141189966,1.32717,False,0.0,False
chr7_38065862_61275990,0.044796,False,0.0,False
chr7_140213_38060725,1.877231,False,0.0,False
chr6_92035339_170943103,4.286743,False,0.0,False
chr6_32634044_32728487,0.014186,False,0.0,False
chr6_32605300_32629848,0.31792,False,0.0,False
chr7_141555761_141947816,0.091069,False,0.0,False
